iceberg_id,date,latitude,longitude,previous_delta_latitude,previous_delta_longitude,drift_speed_kmh,drift_heading_deg,size_1_nm,size_2_nm,sin_doy,cos_doy,current_extent,next_delta_latitude,next_delta_longitude,u10_t,v10_t,uo_t,vo_t
A64,2020-01-01,-69.7454,-60.9932,0.0,0.0,0.0,0.0,0.0,0.0,0.0172,0.99985,6.285,0.0,0.0,1.021,-2.2552,0.0156,0.0249
A64,2020-01-02,-69.7454,-60.9932,0.0,0.0,0.0,0.0,0.0,0.0,0.0344,0.99941,6.129,0.0,0.0,0.2672,-2.8232,0.0174,0.0291
A64,2020-01-03,-69.7454,-60.9932,0.0,0.0,0.0,0.0,16.0,11.0,0.05158,0.99867,5.967,0.0,0.0,-0.0777,-1.6281,0.021,0.0285
A64,2020-01-04,-69.7454,-60.9932,0.0,0.0,0.0,0.0,0.0,0.0,0.06876,0.99763,5.876,0.0,0.0,0.9366,-5.2346,0.023,0.0255
A64,2020-01-05,-69.7454,-60.9932,0.0,0.0,0.0,0.0,0.0,0.0,0.08591,0.9963,5.774,-0.0957,-0.121,0.6041,-4.2733,0.0231,0.0244
A64,2020-01-06,-69.8411,-61.1142,-0.0957,-0.121,0.4838,203.54,0.0,0.0,0.10303,0.99468,5.734,0.0,0.0,0.2472,1.3956,0.0132,0.0388
A64,2020-01-07,-69.8411,-61.1142,0.0,0.0,0.0,0.0,0.0,0.0,0.12013,0.99276,5.611,-0.0746,-0.2084,0.1604,2.9254,0.0147,0.0436
A64,2020-01-10,-69.7333,-60.9833,0.1824,0.3393,1.0041,32.84,16.0,11.0,0.17118,0.98524,5.065,0.0,0.0,0.0731,-1.4886,0.0204,0.0333
A64,2020-01-11,-69.7333,-60.9833,0.0,0.0,0.0,0.0,0.0,0.0,0.1881,0.98215,4.962,0.0,0.0,-0.5033,-1.1759,0.0145,0.0301
A64,2020-01-12,-69.7333,-60.9833,0.0,0.0,0.0,0.0,0.0,0.0,0.20497,0.97877,4.863,0.0,0.0,-1.2133,1.1835,0.0089,0.0256
A64,2020-01-13,-69.7333,-60.9833,0.0,0.0,0.0,0.0,0.0,0.0,0.22177,0.9751,4.726,-0.1884,-0.3632,-1.655,2.777,0.0065,0.0217
A64,2020-01-15,-69.7333,-60.9833,0.1884,0.3632,1.0482,33.79,0.0,0.0,0.25518,0.96689,4.442,0.0,0.0,0.0518,0.2434,0.018,0.0264
A64,2020-01-16,-69.7333,-60.9833,0.0,0.0,0.0,0.0,0.0,0.0,0.27178,0.96236,4.393,-0.1884,-0.3632,-0.5107,0.217,0.017,0.0276
A64,2020-01-18,-69.7333,-60.9833,0.1884,0.3632,1.0482,33.79,0.0,0.0,0.30472,0.95244,4.249,-0.1884,-0.3632,1.2641,3.3701,0.0146,0.0302
A64,2020-01-20,-69.7333,-60.9833,0.1884,0.3632,1.0482,33.79,0.0,0.0,0.3373,0.9414,4.016,-0.1884,-0.3632,0.7034,0.7215,0.0132,0.0356
A64,2020-01-23,-69.7333,-60.9833,0.1884,0.3632,1.0482,33.79,0.0,0.0,0.38541,0.92274,3.92,-0.1812,-0.3747,2.2144,1.635,0.0135,0.0344
A64,2020-02-07,-69.8395,-61.1445,0.0604,0.1435,0.3615,39.34,16.0,11.0,0.60812,0.79384,3.091,0.0,0.0,1.1253,-0.4679,0.0025,0.0475
A64,2020-02-08,-69.8395,-61.1445,0.0,0.0,0.0,0.0,0.0,0.0,0.62169,0.78327,3.059,-0.0608,-0.0835,1.5793,-1.8042,0.0068,0.0412
A64,2020-02-13,-69.8748,-61.1535,0.0255,0.0745,0.1675,45.17,0.0,0.0,0.68668,0.72696,2.901,0.0255,0.0746,-1.1802,2.2143,0.017,0.0394
A64,2020-02-14,-69.8493,-61.0789,0.0255,0.0746,0.1677,45.24,16.0,11.0,0.69908,0.71504,2.852,-0.0095,-0.0509,-2.6443,1.3944,0.0202,0.0553
A64,2020-02-15,-69.8588,-61.1298,-0.0095,-0.0509,0.0924,241.52,0.0,0.0,0.71128,0.70291,2.824,0.0326,-0.0682,-0.7715,4.4138,0.0151,0.0435
A64,2020-02-16,-69.8262,-61.198,0.0326,-0.0682,0.1862,324.18,0.0,0.0,0.72326,0.69057,2.794,0.0,0.0,-0.5419,6.6851,0.0051,0.033
A64,2020-02-17,-69.8262,-61.198,0.0,0.0,0.0,0.0,0.0,0.0,0.73503,0.67803,2.758,0.0,0.0,0.0146,0.6287,-0.0014,0.0423
A64,2020-02-18,-69.8262,-61.198,0.0,0.0,0.0,0.0,0.0,0.0,0.74659,0.66529,2.714,0.0,0.0,-0.2976,-0.2631,0.0007,0.0419
A64,2020-02-19,-69.8262,-61.198,0.0,0.0,0.0,0.0,0.0,0.0,0.75792,0.65235,2.711,0.0047,-0.005,0.0462,-1.5115,0.0105,0.0367
A64,2020-02-20,-69.8215,-61.203,0.0047,-0.005,0.0232,339.85,0.0,0.0,0.76903,0.63921,2.769,0.0882,0.2197,0.0523,-3.3278,0.0305,0.0127
A64,2020-02-21,-69.7333,-60.9833,0.0882,0.2197,0.5392,40.83,16.0,11.0,0.77991,0.62589,2.76,-0.0642,-0.242,0.5385,-4.2747,0.0756,0.0237
A64,2020-02-22,-69.7975,-61.2253,-0.0642,-0.242,0.4887,232.4,0.0,0.0,0.79056,0.61238,2.747,0.0102,-0.005,-0.6001,2.0669,-0.0408,0.0784
A64,2020-02-23,-69.7873,-61.2303,0.0102,-0.005,0.0479,350.39,0.0,0.0,0.80098,0.59869,2.756,0.0063,0.092,-0.0427,-1.506,0.0013,0.0454
A64,2020-02-24,-69.781,-61.1383,0.0063,0.092,0.1502,78.83,0.0,0.0,0.81116,0.58482,2.754,0.0219,0.0537,0.7282,-4.616,0.0567,0.0138
A64,2020-02-25,-69.7591,-61.0846,0.0219,0.0537,0.133,40.32,0.0,0.0,0.8211,0.57078,2.757,0.0,0.0,0.9522,-2.9784,0.0522,0.0329
A64,2020-02-26,-69.7591,-61.0846,0.0,0.0,0.0,0.0,0.0,0.0,0.8308,0.55658,2.757,0.0146,-0.0394,0.0894,3.5908,-0.0586,0.124
A64,2020-02-27,-69.7445,-61.124,0.0146,-0.0394,0.0926,316.94,0.0,0.0,0.84025,0.5422,2.735,0.0,0.0,-0.7292,4.4766,-0.1072,0.1384
A64,2020-02-28,-69.7445,-61.124,0.0,0.0,0.0,0.0,16.0,11.0,0.84945,0.52767,2.753,-0.0131,0.1095,-2.6111,3.2383,-0.036,0.0807
A64,2020-02-29,-69.7576,-61.0145,-0.0131,0.1095,0.1858,109.12,0.0,0.0,0.8584,0.51298,2.723,0.0,0.0,-0.6501,-0.2539,0.0253,0.0479
A64,2020-03-01,-69.7576,-61.0145,0.0,0.0,0.0,0.0,0.0,0.0,0.8671,0.49814,2.747,0.0,0.0,-1.2039,1.3435,0.0218,0.038
A64,2020-03-02,-69.7576,-61.0145,0.0,0.0,0.0,0.0,0.0,0.0,0.87554,0.48315,2.752,0.0,0.0,0.9637,3.3652,0.0172,0.0435
A64,2020-03-03,-69.7576,-61.0145,0.0,0.0,0.0,0.0,0.0,0.0,0.88372,0.46802,2.778,0.0,0.0,-0.6654,3.5979,-0.0131,0.076
A64,2020-03-04,-69.7576,-61.0145,0.0,0.0,0.0,0.0,0.0,0.0,0.89164,0.45274,2.853,0.0,0.0,1.7403,-5.6,0.0845,0.0348
A64,2020-03-05,-69.7576,-61.0145,0.0,0.0,0.0,0.0,0.0,0.0,0.8993,0.43734,2.969,0.0,0.0,-0.2519,0.8076,0.0062,0.0518
A64,2020-03-06,-69.7576,-61.0145,0.0,0.0,0.0,0.0,16.0,11.0,0.90669,0.42181,3.109,0.0,0.0,-0.3953,2.7096,-0.0438,0.1071
A64,2020-03-07,-69.7576,-61.0145,0.0,0.0,0.0,0.0,0.0,0.0,0.91381,0.40615,3.194,0.0,0.0,0.9562,-1.9238,0.0249,0.0535
A64,2020-03-08,-69.7576,-61.0145,0.0,0.0,0.0,0.0,0.0,0.0,0.92066,0.39037,3.305,0.0,0.0,1.5489,-1.8753,0.034,0.0558
A64,2020-03-09,-69.7576,-61.0145,0.0,0.0,0.0,0.0,0.0,0.0,0.92724,0.37447,3.392,0.0,0.0,1.2321,-4.0787,0.0484,0.0484
A64,2020-03-10,-69.7576,-61.0145,0.0,0.0,0.0,0.0,0.0,0.0,0.93354,0.35847,3.496,0.0,0.0,1.7967,-1.7936,0.0279,0.0601
A64,2020-03-11,-69.7576,-61.0145,0.0,0.0,0.0,0.0,0.0,0.0,0.93957,0.34236,3.623,0.0,0.0,1.0543,-3.2407,0.0424,0.061
A64,2020-03-12,-69.7576,-61.0145,0.0,0.0,0.0,0.0,0.0,0.0,0.94532,0.32614,3.73,0.0,0.0,0.9522,-3.8392,0.042,0.0431
A64,2020-03-13,-69.7576,-61.0145,0.0,0.0,0.0,0.0,16.0,11.0,0.95079,0.30983,3.816,0.0,0.0,3.4338,-5.0723,0.0708,0.0386
A64,2020-03-14,-69.7576,-61.0145,0.0,0.0,0.0,0.0,0.0,0.0,0.95598,0.29343,3.933,0.0,0.0,-1.3191,5.2001,-0.0645,0.1146
A64,2020-03-15,-69.7576,-61.0145,0.0,0.0,0.0,0.0,0.0,0.0,0.96089,0.27695,4.029,0.0,0.0,-1.9939,7.9688,-0.1132,0.1666
A64,2020-03-16,-69.7576,-61.0145,0.0,0.0,0.0,0.0,0.0,0.0,0.96551,0.26038,4.063,0.0,0.0,-1.2176,6.1378,-0.0152,0.0968
A64,2020-03-17,-69.7576,-61.0145,0.0,0.0,0.0,0.0,0.0,0.0,0.96984,0.24373,4.1,0.0,0.0,-0.3485,2.0359,0.0284,0.0385
A64,2020-03-18,-69.7576,-61.0145,0.0,0.0,0.0,0.0,0.0,0.0,0.97389,0.22701,4.198,0.0,0.0,-0.6499,3.7674,0.023,0.0423
A64,2020-03-19,-69.7576,-61.0145,0.0,0.0,0.0,0.0,0.0,0.0,0.97765,0.21022,4.279,0.0,0.0,-0.0342,5.1806,0.0191,0.0486
A64,2020-03-20,-69.7576,-61.0145,0.0,0.0,0.0,0.0,16.0,11.0,0.98112,0.19338,4.409,0.0,0.0,-1.6941,3.2669,0.0208,0.048
A64,2020-03-21,-69.7576,-61.0145,0.0,0.0,0.0,0.0,0.0,0.0,0.98431,0.17647,4.488,0.0,0.0,0.416,-0.3825,0.0177,0.0457
A64,2020-03-22,-69.7576,-61.0145,0.0,0.0,0.0,0.0,0.0,0.0,0.9872,0.15951,4.506,0.0,0.0,0.2884,1.8692,0.0165,0.0426
A64,2020-03-23,-69.7576,-61.0145,0.0,0.0,0.0,0.0,0.0,0.0,0.98979,0.14251,4.559,0.0,0.0,-0.3889,6.698,0.0115,0.0486
A64,2020-03-24,-69.7576,-61.0145,0.0,0.0,0.0,0.0,0.0,0.0,0.9921,0.12546,4.681,0.0,0.0,-0.0498,4.2012,-0.0008,0.0644
A64,2020-03-25,-69.7576,-61.0145,0.0,0.0,0.0,0.0,0.0,0.0,0.99411,0.10838,4.729,0.0,0.0,-0.3906,-0.377,0.0198,0.0434
A64,2020-03-26,-69.7576,-61.0145,0.0,0.0,0.0,0.0,0.0,0.0,0.99583,0.09126,4.858,0.0,0.0,0.1833,18.6668,-0.132,0.2763
A64,2020-03-27,-69.7576,-61.0145,0.0,0.0,0.0,0.0,16.0,11.0,0.99725,0.07412,4.921,0.0,0.0,-3.4299,19.7655,-0.0803,0.2248
A64,2020-03-28,-69.7576,-61.0145,0.0,0.0,0.0,0.0,0.0,0.0,0.99838,0.05695,4.97,0.0243,0.0645,0.3148,-1.1493,0.0498,0.0425
A64,2020-03-29,-69.7333,-60.95,0.0243,0.0645,0.1529,42.61,0.0,0.0,0.99921,0.03977,5.114,0.0,0.0,-1.0408,0.5435,0.0379,0.0361
A64,2020-03-30,-69.7333,-60.95,0.0,0.0,0.0,0.0,0.0,0.0,0.99975,0.02258,5.179,0.0,0.0,-1.971,7.5225,0.0346,0.041
A64,2020-03-31,-69.7333,-60.95,0.0,0.0,0.0,0.0,0.0,0.0,0.99999,0.00538,5.304,0.0,0.0,-1.2903,8.2344,0.0327,0.0493
A68A,2020-01-01,-64.042,-54.5869,0.0698,0.1658,0.4662,46.15,0.0,0.0,0.0172,0.99985,6.285,0.0509,0.2707,3.5106,0.4199,0.008,0.0779
A68A,2020-01-02,-63.9911,-54.3162,0.0509,0.2707,0.5979,66.89,0.0,0.0,0.0344,0.99941,6.129,0.0435,0.1731,0.1178,-5.2844,0.1062,0.0005
A68A,2020-01-03,-63.9476,-54.1431,0.0435,0.1731,0.4056,60.28,82.0,26.0,0.05158,0.99867,5.967,0.0142,0.196,1.8878,2.9773,-0.0049,0.0445
A68A,2020-01-04,-63.9334,-53.9471,0.0142,0.196,0.4043,80.72,0.0,0.0,0.06876,0.99763,5.876,0.0,0.0,0.2947,-0.1033,0.0188,0.0021
A68A,2020-01-05,-63.9334,-53.9471,0.0,0.0,0.0,0.0,0.0,0.0,0.08591,0.9963,5.774,-0.021,0.0853,2.4558,-7.1419,0.1612,0.0166
A68A,2020-01-06,-63.9544,-53.8618,-0.021,0.0853,0.199,119.31,0.0,0.0,0.10303,0.99468,5.734,0.0,0.0,4.4029,-8.1245,0.1721,0.0544
A68A,2020-01-07,-63.9544,-53.8618,0.0,0.0,0.0,0.0,0.0,0.0,0.12013,0.99276,5.611,-0.0237,0.2416,2.6422,-5.9372,0.1221,0.0202
A68A,2020-01-08,-63.9781,-53.6202,-0.0237,0.2416,0.5034,102.71,0.0,0.0,0.13719,0.99055,5.432,0.0049,0.0855,0.421,-4.7035,0.1121,-0.0015
A68A,2020-01-09,-63.9732,-53.5347,0.0049,0.0855,0.1753,82.6,0.0,0.0,0.1542,0.98804,5.235,0.0065,0.0847,0.6718,-4.3729,0.1106,-0.0082
A68A,2020-01-10,-63.9667,-53.45,0.0065,0.0847,0.1748,80.12,82.0,26.0,0.17118,0.98524,5.065,0.0092,0.0832,0.6037,-4.8439,0.1201,-0.0197
A68A,2020-01-11,-63.9575,-53.3668,0.0092,0.0832,0.1745,75.9,0.0,0.0,0.1881,0.98215,4.962,0.0126,0.0813,3.9352,-6.5074,0.1613,0.0065
A68A,2020-01-12,-63.9449,-53.2855,0.0126,0.0813,0.1754,70.6,0.0,0.0,0.20497,0.97877,4.863,0.0155,0.08,5.9748,-4.2711,0.1258,0.0485
A68A,2020-01-13,-63.9294,-53.2055,0.0155,0.08,0.178,66.24,0.0,0.0,0.22177,0.9751,4.726,0.0177,0.0796,2.3641,0.6374,0.0586,0.0294
A68A,2020-01-14,-63.9117,-53.1259,0.0177,0.0796,0.1817,63.21,0.0,0.0,0.23851,0.97114,4.602,0.0195,0.0797,-1.8006,1.6342,0.0324,0.0069
A68A,2020-01-15,-63.8922,-53.0462,0.0195,0.0797,0.1859,60.95,0.0,0.0,0.25518,0.96689,4.442,0.0207,0.0807,-4.0726,0.7604,0.024,-0.0124
A68A,2020-01-16,-63.8715,-52.9655,0.0207,0.0807,0.1905,59.81,0.0,0.0,0.27178,0.96236,4.393,0.0215,0.0822,-2.78,1.7429,0.0181,-0.0003
A68A,2020-01-17,-63.85,-52.8833,0.0215,0.0822,0.1951,59.34,82.0,26.0,0.28829,0.95754,4.356,0.0239,0.0888,0.4608,2.0432,0.016,0.0322
A68A,2020-01-18,-63.8261,-52.7945,0.0239,0.0888,0.2125,58.64,0.0,0.0,0.30472,0.95244,4.249,0.0276,0.0966,1.6708,5.5886,-0.0137,0.0543
A68A,2020-01-19,-63.7985,-52.6979,0.0276,0.0966,0.2353,57.12,0.0,0.0,0.32106,0.94706,4.154,0.0307,0.0989,3.2582,3.1479,0.0141,0.072
A68A,2020-01-20,-63.7678,-52.599,0.0307,0.0989,0.2474,54.95,0.0,0.0,0.3373,0.9414,4.016,0.0326,0.0962,3.8506,4.335,-0.0034,0.0997
A68A,2020-01-21,-63.7352,-52.5028,0.0326,0.0962,0.2483,52.58,0.0,0.0,0.35344,0.93546,4.009,0.0339,0.0881,2.4551,2.5275,0.0162,0.07
A68A,2020-01-22,-63.7013,-52.4147,0.0339,0.0881,0.2394,49.05,0.0,0.0,0.36948,0.92924,3.949,0.0343,0.075,4.0485,2.9716,0.0045,0.1001
A68A,2020-01-23,-63.667,-52.3397,0.0343,0.075,0.2213,44.14,0.0,0.0,0.38541,0.92274,3.92,0.0337,0.0564,1.0171,-0.8303,0.0257,0.0384
A68A,2020-01-24,-63.6333,-52.2833,0.0337,0.0564,0.1945,36.63,82.0,26.0,0.40123,0.91598,3.825,0.0349,0.0454,-1.4887,1.1756,-0.0174,0.0127
A68A,2020-01-25,-63.5984,-52.2379,0.0349,0.0454,0.1868,30.05,0.0,0.0,0.41693,0.90894,3.755,0.0376,0.0439,3.0075,2.7227,-0.0272,0.0667
A68A,2020-01-26,-63.5608,-52.194,0.0376,0.0439,0.1963,27.47,0.0,0.0,0.4325,0.90163,3.679,0.0387,0.0405,-1.165,0.2884,-0.0126,0.0153
A68A,2020-01-27,-63.5221,-52.1535,0.0387,0.0405,0.1978,25.02,0.0,0.0,0.44794,0.89406,3.606,0.0385,0.035,-4.55,-3.1251,0.0331,-0.0698
A68A,2020-01-28,-63.4836,-52.1185,0.0385,0.035,0.1925,22.09,0.0,0.0,0.46326,0.88622,3.583,0.0369,0.0274,-4.219,-6.0168,0.0867,-0.0524
A68A,2020-01-29,-63.4467,-52.0911,0.0369,0.0274,0.1801,18.36,0.0,0.0,0.47843,0.87812,3.481,0.0339,0.018,-5.3698,-8.3346,0.1124,-0.0884
A68A,2020-01-30,-63.4128,-52.0731,0.0339,0.018,0.1614,13.37,0.0,0.0,0.49347,0.86976,3.431,0.0295,0.0064,-5.4641,-6.6518,0.0635,-0.0737
A68A,2020-01-31,-63.3833,-52.0667,0.0295,0.0064,0.1373,5.55,82.0,26.0,0.50836,0.86115,3.436,0.0251,-0.01,-5.8963,-3.6656,0.0278,-0.0793
A68A,2020-02-01,-63.3582,-52.0767,0.0251,-0.01,0.1181,349.87,0.0,0.0,0.52309,0.85227,3.375,0.0223,-0.0264,-3.8037,-3.9885,0.0306,-0.0681
A68A,2020-02-02,-63.3359,-52.1031,0.0223,-0.0264,0.117,332.02,0.0,0.0,0.53768,0.84315,3.335,0.0206,-0.0376,-4.1333,-8.2764,0.0963,-0.082
A68A,2020-02-03,-63.3153,-52.1407,0.0206,-0.0376,0.1234,320.65,0.0,0.0,0.5521,0.83378,3.233,-0.0925,0.1063,7.3251,0.4361,0.0545,0.0834
A68A,2020-02-04,-63.4078,-52.0344,-0.0925,0.1063,0.4821,152.79,0.0,0.0,0.56636,0.82416,3.239,0.0255,-0.0076,2.4079,4.4017,-0.0209,0.0635
A68A,2020-02-05,-63.3823,-52.042,0.0255,-0.0076,0.1192,352.39,0.0,0.0,0.58045,0.81429,3.19,0.0298,-0.0211,1.714,4.4863,-0.0288,0.0631
A68A,2020-02-06,-63.3525,-52.0631,0.0298,-0.0211,0.1449,342.38,0.0,0.0,0.59438,0.80419,3.138,0.1192,-0.2369,4.1817,-1.9949,0.0509,0.0607
A68A,2020-02-07,-63.2333,-52.3,0.1192,-0.2369,0.7405,318.12,82.0,26.0,0.60812,0.79384,3.091,-0.0516,0.165,6.1802,8.6983,-0.0639,0.1439
A68A,2020-02-08,-63.2849,-52.135,-0.0516,0.165,0.4189,124.87,0.0,0.0,0.62169,0.78327,3.059,0.0353,-0.0454,3.6135,2.6896,0.0143,0.0401
A68A,2020-02-09,-63.2496,-52.1804,0.0353,-0.0454,0.1889,329.93,0.0,0.0,0.63507,0.77246,3.023,0.0346,-0.0481,4.1008,1.6499,0.0034,0.0399
A68A,2020-02-10,-63.215,-52.2285,0.0346,-0.0481,0.1891,327.93,0.0,0.0,0.64826,0.76142,3.004,0.0327,-0.048,8.1778,-2.9896,0.0636,0.0618
A68A,2020-02-11,-63.1823,-52.2765,0.0327,-0.048,0.1817,326.48,0.0,0.0,0.66126,0.75015,2.974,0.0296,-0.0454,12.6739,-1.7379,0.063,0.1524
A68A,2020-02-12,-63.1527,-52.3219,0.0296,-0.0454,0.1668,325.28,0.0,0.0,0.67407,0.73867,2.956,0.0252,-0.04,5.4411,-7.1311,0.071,0.0215
A68A,2020-02-13,-63.1275,-52.3619,0.0252,-0.04,0.1437,324.34,0.0,0.0,0.68668,0.72696,2.901,0.0775,-0.0714,8.1623,-0.7274,0.0276,0.0701
A68A,2020-02-14,-63.05,-52.4333,0.0775,-0.0714,0.389,337.33,82.0,26.0,0.69908,0.71504,2.852,-0.0454,0.0184,5.1442,-4.5973,0.0187,0.0299
A68A,2020-02-15,-63.0954,-52.4149,-0.0454,0.0184,0.2139,169.61,0.0,0.0,0.71128,0.70291,2.824,0.0045,-0.0076,-3.6969,-4.8766,-0.035,-0.0198
A68A,2020-02-16,-63.0909,-52.4225,0.0045,-0.0076,0.0262,322.61,0.0,0.0,0.72326,0.69057,2.794,0.0,0.0,-5.5153,-1.063,-0.0592,-0.0034
A68A,2020-02-17,-63.0909,-52.4225,0.0,0.0,0.0,0.0,0.0,0.0,0.73503,0.67803,2.758,0.019,-0.0863,-4.9109,3.0464,-0.0675,0.012
A68A,2020-02-18,-63.0719,-52.5088,0.019,-0.0863,0.2013,295.9,0.0,0.0,0.74659,0.66529,2.714,0.0191,-0.0863,-4.4922,-1.6341,-0.0391,-0.0198
A68A,2020-02-19,-63.0528,-52.5951,0.0191,-0.0863,0.2016,296.0,0.0,0.0,0.75792,0.65235,2.711,0.0,0.0,-5.736,1.5561,-0.0742,-0.0231
A68A,2020-02-20,-63.0528,-52.5951,0.0,0.0,0.0,0.0,0.0,0.0,0.76903,0.63921,2.769,0.0,0.0,0.0731,1.7927,-0.0566,0.0158
A68A,2020-02-21,-63.0528,-52.5951,0.0,0.0,0.0,0.0,82.0,26.0,0.77991,0.62589,2.76,0.0503,-0.0833,4.121,-4.5023,0.0127,0.0342
A68A,2020-02-22,-63.0025,-52.6784,0.0503,-0.0833,0.2915,323.05,0.0,0.0,0.79056,0.61238,2.747,0.0935,-0.1547,-0.7111,1.9284,-0.0848,0.0173
A68A,2020-02-23,-62.909,-52.8331,0.0935,-0.1547,0.5421,322.98,0.0,0.0,0.80098,0.59869,2.756,0.0503,-0.0833,-3.1542,-4.5812,-0.0582,-0.0171
A68A,2020-02-24,-62.8587,-52.9164,0.0503,-0.0833,0.292,322.92,0.0,0.0,0.81116,0.58482,2.754,0.0,0.0,-8.8563,1.0289,-0.1127,-0.0271
A68A,2020-02-25,-62.8587,-52.9164,0.0,0.0,0.0,0.0,0.0,0.0,0.8211,0.57078,2.757,0.0,0.0,-3.3699,6.3515,-0.1172,0.038
A68A,2020-02-26,-62.8587,-52.9164,0.0,0.0,0.0,0.0,0.0,0.0,0.8308,0.55658,2.757,0.0206,-0.0537,-2.0183,6.2843,-0.1085,0.0469
A68A,2020-02-27,-62.8381,-52.9701,0.0206,-0.0537,0.1483,310.03,0.0,0.0,0.84025,0.5422,2.735,0.2214,-0.2632,-2.4048,6.9702,-0.1089,0.0431
A68A,2020-02-28,-62.6167,-53.2333,0.2214,-0.2632,1.1681,331.3,82.0,26.0,0.84945,0.52767,2.753,-0.1109,0.0016,0.0893,3.3131,-0.0141,0.0275
A68A,2020-02-29,-62.7276,-53.2317,-0.1109,0.0016,0.5138,179.62,0.0,0.0,0.8584,0.51298,2.723,0.0536,-0.096,0.885,-4.7906,-0.0107,0.0181
A68A,2020-03-01,-62.674,-53.3277,0.0536,-0.096,0.3214,320.56,0.0,0.0,0.8671,0.49814,2.747,0.0353,-0.0562,6.0976,-0.0111,-0.0047,0.0855
A68A,2020-03-02,-62.6387,-53.3839,0.0353,-0.0562,0.2026,323.8,0.0,0.0,0.87554,0.48315,2.752,0.0341,-0.0453,3.0542,1.1887,-0.0459,0.0749
A68A,2020-03-03,-62.6046,-53.4292,0.0341,-0.0453,0.1851,328.56,0.0,0.0,0.88372,0.46802,2.778,0.057,-0.0186,1.255,3.2365,-0.0463,0.0838
A68A,2020-03-04,-62.5476,-53.4478,0.057,-0.0186,0.2671,351.44,0.0,0.0,0.89164,0.45274,2.853,0.1822,0.0004,3.8086,-3.5708,0.0227,0.052
A68A,2020-03-05,-62.3654,-53.4474,0.1822,0.0004,0.8442,0.06,0.0,0.0,0.8993,0.43734,2.969,0.0775,0.1346,6.713,-4.9924,0.0756,0.0444
A68A,2020-03-06,-62.2879,-53.3128,0.0775,0.1346,0.4613,38.95,82.0,26.0,0.90669,0.42181,3.109,0.0453,0.0236,11.3394,-2.978,0.0848,0.0573
A68A,2020-03-07,-62.2426,-53.2892,0.0453,0.0236,0.216,13.64,0.0,0.0,0.91381,0.40615,3.194,0.0351,0.0107,0.4061,4.0341,-0.0153,0.0081
A68A,2020-03-08,-62.2075,-53.2785,0.0351,0.0107,0.1643,8.09,0.0,0.0,0.92066,0.39037,3.305,0.0451,0.0231,-2.9174,3.4708,-0.0128,-0.0164
A68A,2020-03-09,-62.1624,-53.2554,0.0451,0.0231,0.2148,13.45,0.0,0.0,0.92724,0.37447,3.392,0.0763,0.1199,0.196,4.4829,-0.0054,-0.0162
A68A,2020-03-10,-62.0861,-53.1355,0.0763,0.1199,0.4387,36.36,0.0,0.0,0.93354,0.35847,3.496,0.034,0.1705,-1.0159,-0.4205,-0.0145,-0.0672
A68A,2020-03-11,-62.0521,-52.965,0.034,0.1705,0.4022,67.01,0.0,0.0,0.93957,0.34236,3.623,0.0185,0.0727,-2.5066,-1.0692,-0.0247,-0.0925
A68A,2020-03-12,-62.0336,-52.8923,0.0185,0.0727,0.1797,61.54,0.0,0.0,0.94532,0.32614,3.73,0.0669,0.309,1.1584,-5.2383,0.0073,-0.0983
A68A,2020-03-13,-61.9667,-52.5833,0.0669,0.309,0.7401,65.38,82.0,26.0,0.95079,0.30983,3.816,-0.0296,-0.1849,3.3011,-8.9257,0.0193,-0.0822
A68A,2020-03-14,-61.9963,-52.7682,-0.0296,-0.1849,0.4251,251.1,0.0,0.0,0.95598,0.29343,3.933,0.0705,0.1964,5.2548,-8.3703,0.0347,-0.0784
A68A,2020-03-15,-61.9258,-52.5718,0.0705,0.1964,0.5382,52.72,0.0,0.0,0.96089,0.27695,4.029,0.0,0.0,9.5778,-4.0845,-0.0054,-0.0144
A68A,2020-03-16,-61.9258,-52.5718,0.0,0.0,0.0,0.0,0.0,0.0,0.96551,0.26038,4.063,0.0478,0.1471,7.8553,-2.217,-0.0085,-0.0134
A68A,2020-03-17,-61.878,-52.4247,0.0478,0.1471,0.39,55.46,0.0,0.0,0.96984,0.24373,4.1,0.0888,0.2733,2.9996,1.4121,-0.0217,-0.0214
A68A,2020-03-18,-61.7892,-52.1514,0.0888,0.2733,0.7256,55.58,0.0,0.0,0.97389,0.22701,4.198,0.0478,0.1471,-4.218,-0.0318,-0.0453,-0.0508
A68A,2020-03-19,-61.7414,-52.0043,0.0478,0.1471,0.3912,55.58,0.0,0.0,0.97765,0.21022,4.279,0.0,0.0,-0.5389,3.8748,-0.045,-0.0219
A68A,2020-03-20,-61.7414,-52.0043,0.0,0.0,0.0,0.0,82.0,26.0,0.98112,0.19338,4.409,0.1484,0.397,-9.6843,-0.0674,-0.0825,-0.0817
A68A,2020-03-21,-61.593,-51.6073,0.1484,0.397,1.1112,51.95,0.0,0.0,0.98431,0.17647,4.488,0.046,0.1775,-0.6289,10.4616,-0.0648,-0.0056
A68A,2020-03-22,-61.547,-51.4298,0.046,0.1775,0.4458,61.52,0.0,0.0,0.9872,0.15951,4.506,0.0291,0.1232,-0.3147,-6.9887,0.0377,-0.0614
A68A,2020-03-23,-61.5179,-51.3066,0.0291,0.1232,0.3037,63.69,0.0,0.0,0.98979,0.14251,4.559,0.0101,0.0461,3.6491,-5.3787,0.041,-0.0245
A68A,2020-03-24,-61.5078,-51.2605,0.0101,0.0461,0.1121,65.35,0.0,0.0,0.9921,0.12546,4.681,0.0,0.0,3.0218,6.6839,-0.0398,0.0331
A68A,2020-03-25,-61.5078,-51.2605,0.0,0.0,0.0,0.0,0.0,0.0,0.99411,0.10838,4.729,0.0786,0.1203,7.1728,0.244,-0.0107,-0.0226
A68A,2020-03-26,-61.4292,-51.1402,0.0786,0.1203,0.4511,36.22,0.0,0.0,0.99583,0.09126,4.858,-0.0041,0.0902,11.334,-3.8958,0.0505,0.0145
A68A,2020-03-27,-61.4333,-51.05,-0.0041,0.0902,0.2007,95.47,82.0,26.0,0.99725,0.07412,4.921,0.0041,-0.0902,8.3552,-0.088,-0.0241,-0.0183
A68A,2020-03-28,-61.4292,-51.1402,0.0041,-0.0902,0.2007,275.39,0.0,0.0,0.99838,0.05695,4.97,0.0,0.0,6.2275,4.819,-0.0359,0.0017
A68A,2020-03-29,-61.4292,-51.1402,0.0,0.0,0.0,0.0,0.0,0.0,0.99921,0.03977,5.114,0.0054,0.1956,8.6313,-4.566,0.0114,-0.0373
A68A,2020-03-30,-61.4238,-50.9446,0.0054,0.1956,0.4342,86.78,0.0,0.0,0.99975,0.02258,5.179,0.0,0.0,5.8455,-2.574,-0.0676,-0.0589
A68A,2020-03-31,-61.4238,-50.9446,0.0,0.0,0.0,0.0,0.0,0.0,0.99999,0.00538,5.304,0.0,0.0,4.5209,0.6346,-0.0882,-0.0347
