Iceberg,Length_(NM),Width_(NM),Latitude,Longitude,Remarks,Last_Update,Source_File,wind_u,wind_v,temperature,pressure,humidity
C35,7.0,5.0,-67.52,148.0,wilke,2021-05-07,AntarcticIcebergs_20210507.csv,2.8832178115844727,7.4970479011535645,244.8358917236328,99162.28125,0.00037486074143089354
D20A,20.0,9.0,-68.82,36.27,amerw,2019-09-27,AntarcticIcebergs_20190927.csv,-4.174745559692383,2.5152857303619385,250.27053833007812,97941.9609375,0.0004947431152686477
A68H,11.0,5.0,-56.21,-35.54,belle,2021-01-29,AntarcticIcebergs_20210129.csv,1.3709852695465088,-5.265247344970703,275.40411376953125,100236.8046875,0.004349184222519398
D28,29.0,19.0,-74.12,-41.05,belle,2022-06-24,AntarcticIcebergs_20220624.csv,-0.9662702083587646,5.351363182067871,255.489990234375,99358.2265625,0.000835537794046104
A23A,40.0,34.0,-75.18,-37.25,belle,2022-04-01,AntarcticIcebergs_20220401.csv,-4.068831443786621,5.07496976852417,266.1900634765625,98276.9375,0.0021294746547937393
B28,9.0,6.0,-74.37,-109.41,amune,2022-04-22,AntarcticIcebergs_20220422.csv,-3.819023609161377,7.796689033508301,255.1228485107422,96679.8203125,0.0007634800858795643
B45,7.0,6.0,-74.51,-109.6,amune,2022-05-06,AntarcticIcebergs_20220506.csv,-7.174847602844238,7.401468276977539,249.005859375,97840.4453125,0.0004079514474142343
A78,18.0,4.0,-73.29,-21.63,weddw,2022-02-18,AntarcticIcebergs_20220218.csv,-0.10620372742414474,2.995842933654785,267.9950866699219,98118.21875,0.0022215815261006355
A23A,40.0,34.0,-75.7,-39.86,belle,2021-02-12,AntarcticIcebergs_20210212.csv,-1.2643513679504395,1.4381036758422852,265.875,98471.3828125,0.0018584249773994088
C15,12.0,8.0,-65.96,143.27,wilke,2021-11-12,AntarcticIcebergs_20211112.csv,-0.6039650440216064,3.7332191467285156,263.63909912109375,97763.3046875,0.0011970537016168237
A73,9.0,5.0,-69.59,-60.31,belle,2021-02-19,AntarcticIcebergs_20210219.csv,-6.006671905517578,2.820640802383423,272.2504577636719,98110.6796875,0.0035213306546211243
B50,15.0,6.0,-73.67,-138.19,amunw,2021-01-22,AntarcticIcebergs_20210122.csv,4.458377838134766,4.029304504394531,272.54840087890625,98335.5859375,0.0029705048073083162
A63,11.0,3.0,-64.35,-55.5,belle,2021-08-13,AntarcticIcebergs_20210813.csv,3.2212233543395996,6.126785755157471,257.0000915527344,96891.578125,0.0009352477500215173
A78,18.0,4.0,-70.7,-10.46,weddw,2021-12-31,AntarcticIcebergs_20211231.csv,-1.9996719360351562,2.302072048187256,270.50604248046875,98603.96875,0.0025594851467758417
A78,18.0,4.0,-71.45,-41.46,belle,2022-07-15,AntarcticIcebergs_20220715.csv,4.3676910400390625,-0.12753701210021973,255.00384521484375,99310.1328125,0.000788786041084677
B09I,12.0,6.0,-70.72,-40.74,belle,2021-01-22,AntarcticIcebergs_20210122.csv,-6.928340911865234,-5.867179870605469,271.49761962890625,98167.5859375,0.0032117844093590975
D30A,37.0,11.0,-73.52,-41.34,belle,2022-05-20,AntarcticIcebergs_20220520.csv,6.1231794357299805,10.734235763549805,250.97445678710938,99286.5390625,0.0005051762564107776
A79,9.5,3.0,-71.08,-60.46,belle,2022-03-11,AntarcticIcebergs_20220311.csv,0.09920722246170044,-1.1368281841278076,269.33441162109375,98570.9765625,0.0019397857831791043
A68J,20.0,3.0,-56.16,-35.55,belle,2021-02-19,AntarcticIcebergs_20210219.csv,1.8805348873138428,-2.772132635116577,276.9047546386719,101398.6796875,0.004828818142414093
C33,8.0,4.0,-65.44,126.65,wilke,2021-03-19,AntarcticIcebergs_20210319.csv,-7.119111061096191,3.840806007385254,271.8542785644531,97850.0703125,0.003230920061469078
B39,8.0,4.0,-71.1,-13.61,weddw,2021-09-10,AntarcticIcebergs_20210910.csv,1.49351167678833,2.8098363876342773,251.5538330078125,98759.3671875,0.000561861670576036
B09I,12.0,6.0,-66.1,-45.19,belle,2021-06-11,AntarcticIcebergs_20210611.csv,-1.6730618476867676,-0.5085451602935791,270.3774719238281,97553.1953125,0.0030696531757712364
A63,11.0,3.0,-66.56,-56.8,belle,2021-06-18,AntarcticIcebergs_20210618.csv,1.6708815097808838,6.141000747680664,249.45956420898438,99625.703125,0.00041366307414136827
D20A,14.0,5.0,-70.52,-9.26,weddw,2022-06-03,AntarcticIcebergs_20220603.csv,2.5886948108673096,3.366365909576416,250.74517822265625,99324.734375,0.0005542000290006399
A76B,20.0,7.0,-70.35,-59.83,belle,2022-05-13,AntarcticIcebergs_20220513.csv,-0.8847606182098389,-6.000603675842285,254.532958984375,100320.25,0.0007435540901497006
B37,8.0,3.0,-72.67,-111.57,amune,2020-12-31,AntarcticIcebergs_20210101.csv,4.662762641906738,-0.47338318824768066,270.8382568359375,97207.953125,0.002734755165874958
B45,7.0,6.0,-74.44,-109.73,amune,2022-07-08,AntarcticIcebergs_20220708.csv,0.5021917819976807,6.307926177978516,241.58367919921875,99221.390625,0.0002328236005268991
B39,8.0,4.0,-77.12,-34.46,belle,2022-05-13,AntarcticIcebergs_20220513.csv,0.22607922554016113,1.6610172986984253,257.927001953125,99600.25,0.0010182122932747006
B29,11.0,5.0,-74.2,-109.56,amune,2022-04-08,AntarcticIcebergs_20220408.csv,-10.536579132080078,1.5675126314163208,266.2393493652344,97623.6875,0.0021340218372642994
B09B,24.0,8.0,-66.23,143.49,wilke,2022-03-25,AntarcticIcebergs_20220325.csv,-10.222220420837402,7.313953876495361,271.2958984375,96636.3046875,0.0031822265591472387
A74,30.0,18.0,-76.52,-32.26,belle,2021-10-01,AntarcticIcebergs_20211001.csv,-10.81657600402832,-4.305138111114502,259.10968017578125,97889.140625,0.0009899173164740205
A69C,10.0,3.0,-66.76,-59.73,belle,2021-10-29,AntarcticIcebergs_20211029.csv,1.9566619396209717,-4.911716461181641,270.707763671875,97327.5,0.0029695581179112196
D20A,14.0,5.0,-74.29,-26.66,weddw,2022-07-29,AntarcticIcebergs_20220729.csv,-12.857941627502441,-2.0222055912017822,260.79644775390625,98250.6875,0.0012328103184700012
A78,18.0,4.0,-70.92,-11.84,weddw,2022-01-14,AntarcticIcebergs_20220114.csv,1.4088236093521118,1.8955402374267578,269.36785888671875,98818.546875,0.0026346654631197453
A72,11.0,4.0,-69.52,-60.79,belle,2021-02-05,AntarcticIcebergs_20210205.csv,-0.3448086977005005,-2.2769510746002197,269.087646484375,98701.1640625,0.002560757100582123
A69A,10.0,9.0,-66.96,-59.0,belle,2022-01-28,AntarcticIcebergs_20220128.csv,1.5943650007247925,5.473824501037598,272.3474426269531,99624.765625,0.0033831773325800896
B09G,11.0,7.0,-68.19,41.82,amerw,2021-09-17,AntarcticIcebergs_20210917.csv,-8.186004638671875,0.6799252033233643,257.38421630859375,98947.5234375,0.0006789033068343997
D28,29.0,19.0,-73.1,-43.48,belle,2022-08-05,AntarcticIcebergs_20220805.csv,4.612691879272461,-4.689970016479492,251.44277954101562,100701.6484375,0.0005479590035974979
B42,12.0,4.0,-73.48,-128.44,amunw,2021-03-19,AntarcticIcebergs_20210319.csv,-2.3837592601776123,-0.6582173705101013,261.5515441894531,97570.0703125,0.0011228231014683843
A74,30.0,18.0,-77.61,-37.5,belle,2022-01-14,AntarcticIcebergs_20220114.csv,0.8048197031021118,9.506868362426758,266.88128662109375,99250.546875,0.001936099142767489
A70,8.0,5.0,-70.23,-60.09,belle,2021-04-09,AntarcticIcebergs_20210409.csv,-2.616126537322998,-1.0748296976089478,249.01251220703125,98895.7265625,0.0004173056222498417
D29B,13.0,7.0,-71.16,-12.39,weddw,2021-12-31,AntarcticIcebergs_20211231.csv,-0.33048251271247864,1.7139371633529663,271.00213623046875,98659.96875,0.0027921816799789667
C39,15.0,8.0,-65.68,99.54,wilkw,2022-07-08,AntarcticIcebergs_20220708.csv,-16.5241756439209,0.2236977219581604,262.70281982421875,98229.390625,0.0013182838447391987
B37,8.0,3.0,-72.57,-111.96,amune,2021-03-19,AntarcticIcebergs_20210319.csv,3.0381157398223877,5.809556007385254,260.5232238769531,97130.0703125,0.001182904583401978
D28,29.0,19.0,-69.52,8.37,wedde,2021-07-30,AntarcticIcebergs_20210730.csv,-13.07992172241211,5.638512134552002,261.4902648925781,98397.8671875,0.001172709628008306
C29,5.0,5.0,-66.08,142.83,wilke,2021-12-03,AntarcticIcebergs_20211203.csv,-9.935996055603027,6.204192161560059,270.4869079589844,98236.40625,0.0028809255454689264
B37,8.0,3.0,-72.77,-110.64,amune,2019-12-13,AntarcticIcebergs_20191213.csv,-3.649308681488037,1.0716897249221802,272.58306884765625,100120.2890625,0.002997406292706728
A68M,13.0,3.0,-56.97,-35.31,belle,2021-03-05,AntarcticIcebergs_20210305.csv,9.529810905456543,-1.5355031490325928,275.71893310546875,100808.2109375,0.0037934845313429832
C29,5.0,5.0,-66.08,142.84,wilke,2021-05-14,AntarcticIcebergs_20210514.csv,-10.98907470703125,3.4946744441986084,243.06329345703125,99440.609375,0.00029454182367771864
A69B,10.0,5.0,-62.95,-54.52,belle,2022-06-24,AntarcticIcebergs_20220624.csv,1.5903704166412354,4.121870994567871,257.71923828125,100206.2265625,0.0009473561076447368
D27,8.0,5.0,-67.7,78.32,amere,2021-01-29,AntarcticIcebergs_20210129.csv,-1.1561753749847412,-3.636341094970703,272.07794189453125,98388.8046875,0.0024179937317967415
C35,7.0,5.0,-67.31,147.79,wilke,2022-07-01,AntarcticIcebergs_20220701.csv,0.9469197392463684,4.167473793029785,238.59490966796875,98751.359375,0.00018934326362796128
B37,8.0,3.0,-72.23,-113.6,amune,2021-07-23,AntarcticIcebergs_20210723.csv,-12.09874153137207,0.9037628769874573,268.5100402832031,97349.8515625,0.0026312442496418953
A69B,10.0,7.0,-67.78,-61.24,belle,2020-12-25,AntarcticIcebergs_20201225.csv,-8.273775100708008,7.899346351623535,272.0245361328125,97146.7734375,0.003384089795872569
D29C,13.0,6.0,-73.57,-25.02,weddw,2022-01-14,AntarcticIcebergs_20220114.csv,2.9762063026428223,1.2593097686767578,269.86114501953125,99218.546875,0.002614638302475214
C15,12.0,8.0,-65.97,143.27,wilke,2021-05-28,AntarcticIcebergs_20210528.csv,-2.234811305999756,3.6042304039001465,246.9249267578125,101108.21875,0.0003702323301695287
B09G,11.0,7.0,-68.19,41.82,amerw,2021-10-22,AntarcticIcebergs_20211022.csv,1.1953516006469727,1.048539161682129,258.595458984375,97689.3359375,0.0009181108325719833
C29,5.0,5.0,-66.08,142.83,wilke,2021-12-10,AntarcticIcebergs_20211210.csv,0.17303872108459473,5.162391185760498,268.7278137207031,97604.953125,0.0017957024974748492
A68D,11.0,5.0,-55.51,-35.96,belle,2021-01-22,AntarcticIcebergs_20210122.csv,5.056034088134766,-7.056632995605469,277.18902587890625,99783.5859375,0.004981804173439741
C29,5.0,5.0,-66.08,142.83,wilke,2021-09-24,AntarcticIcebergs_20210924.csv,-2.0212900638580322,3.912639617919922,260.30712890625,97234.1171875,0.0008803457603789866
B39,8.0,4.0,-75.43,-28.31,weddw,2021-12-24,AntarcticIcebergs_20211224.csv,-0.21812845766544342,-4.353374481201172,270.56793212890625,98144.28125,0.002665522275492549
D27,8.0,5.0,-68.35,75.51,amere,2021-03-12,AntarcticIcebergs_20210312.csv,-5.071177959442139,-2.051269292831421,264.14508056640625,98330.890625,0.001428274787031114
C38B,5.0,7.0,-64.94,101.83,wilkw,2022-07-15,AntarcticIcebergs_20220715.csv,-0.7045743465423584,3.4134786128997803,253.73822021484375,99566.1328125,0.0005303403013385832
B45,7.0,6.0,-74.52,-109.54,amune,2022-03-11,AntarcticIcebergs_20220311.csv,-9.695714950561523,6.8368048667907715,263.86175537109375,96922.9765625,0.0016279342817142606
A69B,10.0,7.0,-67.15,-60.44,belle,2021-06-25,AntarcticIcebergs_20210625.csv,0.11108064651489258,-5.913496971130371,262.6190185546875,99422.15625,0.0016073725419119
C36,22.0,15.0,-67.92,147.54,wilke,2021-01-29,AntarcticIcebergs_20210129.csv,-0.4266831874847412,6.787487030029297,264.85723876953125,97828.8046875,0.0015134336426854134
B50,15.0,6.0,-73.8,-145.45,amunw,2021-04-16,AntarcticIcebergs_20210416.csv,6.616975784301758,5.915251731872559,248.59970092773438,100095.3203125,0.000438205519458279
B09G,11.0,7.0,-68.19,41.8,amerw,2022-04-01,AntarcticIcebergs_20220401.csv,-17.176252365112305,-3.22678804397583,269.6666259765625,98492.9375,0.002082744613289833
A77,27.0,4.0,-73.34,-24.64,weddw,2021-10-08,AntarcticIcebergs_20211008.csv,2.5123696327209473,2.142106771469116,260.3209228515625,99758.59375,0.0011685267090797424
D20A,14.0,5.0,-72.38,-17.35,weddw,2022-07-01,AntarcticIcebergs_20220701.csv,-0.8212077021598816,1.8705986738204956,243.15350341796875,100007.359375,0.00023190097999759018
C33,8.0,4.0,-66.38,144.37,wilke,2019-09-06,AntarcticIcebergs_20190906.csv,1.4439736604690552,5.047091484069824,251.58642578125,96556.3828125,0.0005412278696894646
B15AB,11.0,4.0,-66.08,50.59,amerw,2021-12-03,AntarcticIcebergs_20211203.csv,-5.121542930603027,-3.2762768268585205,268.1578063964844,97788.40625,0.0019267743919044733
B42,12.0,4.0,-72.68,-127.21,amunw,2021-03-12,AntarcticIcebergs_20210312.csv,1.6580703258514404,1.291748285293579,261.76397705078125,97954.890625,0.0011893793707713485
B09B,24.0,8.0,-66.27,143.29,wilke,2020-12-31,AntarcticIcebergs_20210101.csv,2.9440126419067383,2.0217339992523193,271.2269287109375,97543.953125,0.0022827135398983955
B50,15.0,6.0,-75.25,-149.39,amunw,2021-06-04,AntarcticIcebergs_20210604.csv,-9.653392791748047,-14.185514450073242,261.3391418457031,99128.40625,0.0013558280188590288
C29,5.0,5.0,-66.06,142.8,wilke,2022-02-11,AntarcticIcebergs_20220211.csv,4.118383407592773,1.6821515560150146,273.40399169921875,100093.828125,0.0034558242186903954
A69B,10.0,7.0,-67.54,-61.16,belle,2021-01-15,AntarcticIcebergs_20210115.csv,-0.4149045944213867,2.5341382026672363,269.3355712890625,99462.390625,0.002601887099444866
B42,12.0,4.0,-73.33,-129.15,amunw,2021-03-26,AntarcticIcebergs_20210326.csv,-12.404840469360352,2.820594072341919,269.85858154296875,96183.6484375,0.0027899842243641615
B50,14.0,5.0,-63.68,-165.13,rosse,2022-06-24,AntarcticIcebergs_20220624.csv,2.5625383853912354,2.398237943649292,257.074462890625,100006.2265625,0.0009096859721466899
B50,15.0,6.0,-72.19,-165.76,rosse,2021-10-01,AntarcticIcebergs_20211001.csv,0.3664078116416931,5.452674388885498,252.00286865234375,97105.140625,0.0004813705163542181
A68A,36.0,10.0,-57.27,-34.47,belle,2021-02-05,AntarcticIcebergs_20210205.csv,10.257730484008789,6.574611186981201,274.465576171875,98197.1640625,0.0036012157797813416
D27,8.0,5.0,-67.95,73.34,amere,2021-04-09,AntarcticIcebergs_20210409.csv,2.423912525177002,5.129760265350342,250.26055908203125,98407.7265625,0.0005247131921350956
D20A,19.0,9.0,-68.39,36.21,amerw,2021-07-16,AntarcticIcebergs_20210716.csv,-15.870426177978516,-4.868023872375488,264.9976806640625,97575.640625,0.0016795395640656352
B46,10.0,4.0,-72.63,-132.72,amune,2021-10-29,AntarcticIcebergs_20211029.csv,-6.103885173797607,6.129299163818359,261.781982421875,96975.5,0.0011957238893955946
A64,11.0,8.0,-67.16,-60.17,belle,2021-12-03,AntarcticIcebergs_20211203.csv,10.259316444396973,-3.0868237018585205,273.2857360839844,96276.40625,0.00326907099224627
D30A,37.0,11.0,-72.76,-20.62,weddw,2021-10-15,AntarcticIcebergs_20211015.csv,1.9680466651916504,-0.44446250796318054,262.2544860839844,98577.5,0.0014052296755835414
B47,19.0,5.0,-74.18,-130.03,amunw,2019-10-10,AntarcticIcebergs_20191010.csv,-5.171085357666016,0.7942988872528076,256.8874816894531,98443.3125,0.0007882267236709595
A70,8.0,5.0,-65.77,-61.24,belle,2022-05-20,AntarcticIcebergs_20220520.csv,-6.1443986892700195,-6.138811111450195,267.6287536621094,99686.5390625,0.0023443372920155525
C37,8.0,3.0,-65.28,100.85,wilkw,2022-07-01,AntarcticIcebergs_20220701.csv,-17.23374366760254,0.9891289472579956,249.62030029296875,97471.359375,0.0004168541927356273
D29C,13.0,6.0,-71.48,-42.1,belle,2022-07-08,AntarcticIcebergs_20220708.csv,-0.9210259914398193,-5.510433197021484,248.85711669921875,98933.390625,0.00041253160452470183
C37,8.0,3.0,-65.22,101.1,wilkw,2022-04-29,AntarcticIcebergs_20220429.csv,-6.6728315353393555,3.3938889503479004,260.58746337890625,97909.0078125,0.0012677315389737487
B42,12.0,4.0,-70.15,-151.36,rosse,2022-03-25,AntarcticIcebergs_20220325.csv,-7.460501670837402,-6.041514873504639,270.5576171875,97524.3046875,0.0029752792324870825
B09B,24.0,8.0,-66.27,143.45,wilke,2021-02-05,AntarcticIcebergs_20210205.csv,-1.1553555727005005,3.0052754878997803,268.477783203125,98325.1640625,0.0019146428676322103
B46,10.0,4.0,-74.45,-105.59,amune,2019-12-13,AntarcticIcebergs_20191213.csv,-0.4627852439880371,-0.18661105632781982,271.99517822265625,100200.2890625,0.002501495648175478
B46,10.0,4.0,-72.52,-112.25,amune,2021-03-12,AntarcticIcebergs_20210312.csv,1.0322158336639404,8.90283203125,261.1415100097656,97250.890625,0.001264242804609239
A76B,20.0,7.0,-73.96,-60.15,belle,2021-09-10,AntarcticIcebergs_20210910.csv,-2.02357816696167,2.6931371688842773,251.4835205078125,98031.3671875,0.0005880877142772079
C36,22.0,15.0,-67.93,147.48,wilke,2021-02-19,AntarcticIcebergs_20210219.csv,1.6368825435638428,9.753257751464844,257.7328796386719,97790.6796875,0.0007745102047920227
A69B,10.0,7.0,-67.36,-60.97,belle,2021-04-09,AntarcticIcebergs_20210409.csv,-2.812415599822998,-0.8829351663589478,256.74200439453125,98951.7265625,0.0009145275689661503
B45,7.0,6.0,-74.42,-109.74,amune,2022-07-22,AntarcticIcebergs_20220722.csv,-1.4423407316207886,-2.824751377105713,261.07049560546875,97009.984375,0.0013905783416703343
B09B,24.0,8.0,-66.21,143.44,wilke,2022-02-18,AntarcticIcebergs_20220218.csv,-3.85718035697937,9.765374183654785,271.3189392089844,97054.21875,0.0027337046340107918
A64,11.0,8.0,-67.47,-61.02,belle,2021-08-13,AntarcticIcebergs_20210813.csv,-2.9879441261291504,8.243972778320312,254.96786499023438,97635.578125,0.0007204326102510095
C29,5.0,5.0,-66.06,142.78,wilke,2022-04-22,AntarcticIcebergs_20220422.csv,-4.179375171661377,1.8347747325897217,262.51739501953125,96775.8203125,0.0013793152756989002
A69A,10.0,9.0,-67.83,-60.96,belle,2021-02-12,AntarcticIcebergs_20210212.csv,6.9192423820495605,-2.247931480407715,274.287109375,97239.3828125,0.0037519452162086964
C38A,10.0,8.0,-65.22,101.43,wilkw,2022-06-10,AntarcticIcebergs_20220610.csv,-16.045040130615234,0.2098892629146576,260.7154846191406,100686.5625,0.0010017522145062685
D29B,13.0,7.0,-70.66,-10.01,weddw,2021-12-10,AntarcticIcebergs_20211210.csv,-0.15557456016540527,0.41861671209335327,268.3381652832031,97668.953125,0.0024732882156968117
D21B,10.0,4.0,-60.63,-31.05,belle,2021-02-19,AntarcticIcebergs_20210219.csv,6.598796844482422,-1.9591443538665771,273.8070983886719,100982.6796875,0.0038474872708320618
A69A,10.0,9.0,-65.32,-58.78,belle,2022-06-03,AntarcticIcebergs_20220603.csv,-1.1251723766326904,-10.518399238586426,270.01470947265625,97412.734375,0.0024210175033658743
D22,11.0,2.0,-66.68,71.93,amere,2019-11-15,AntarcticIcebergs_20191115.csv,-4.212563991546631,3.4698774814605713,268.3598327636719,98524.203125,0.002587156370282173
B39,8.0,4.0,-75.47,-28.31,weddw,2022-03-04,AntarcticIcebergs_20220304.csv,7.656495094299316,5.406924724578857,261.209716796875,99268.421875,0.001199218793772161
A76A,73.0,14.0,-70.46,-56.22,belle,2022-02-25,AntarcticIcebergs_20220225.csv,-3.3103229999542236,1.7621066570281982,265.2650451660156,98810.7578125,0.0018531120149418712
A76A,73.0,14.0,-73.25,-59.42,belle,2021-10-01,AntarcticIcebergs_20211001.csv,2.334791660308838,6.646033763885498,259.73077392578125,97817.140625,0.0011544261360540986
D28,29.0,19.0,-66.57,46.54,amerw,2021-03-12,AntarcticIcebergs_20210312.csv,-2.9705917835235596,-1.012206792831421,267.46832275390625,98162.890625,0.0022017047740519047
A74A,30.0,18.0,-76.87,-45.69,belle,2022-07-15,AntarcticIcebergs_20220715.csv,6.8208160400390625,6.468166351318359,238.38568115234375,98806.1328125,0.00022999248176347464
C15,12.0,8.0,-65.97,143.27,wilke,2021-07-02,AntarcticIcebergs_20210702.csv,-3.1263489723205566,4.903838634490967,250.717041015625,98761.0625,0.0004702357400674373
D29A,15.0,9.0,-70.63,-41.73,belle,2022-07-08,AntarcticIcebergs_20220708.csv,-3.5358941555023193,-4.227230072021484,250.61297607421875,98925.390625,0.0004907328984700143
A63,7.0,3.0,-64.2,-54.45,belle,2021-09-24,AntarcticIcebergs_20210924.csv,7.626170635223389,-5.708454132080078,271.01025390625,98010.1171875,0.003203257918357849
D29B,13.0,7.0,-69.84,1.96,wedde,2021-09-10,AntarcticIcebergs_20210910.csv,1.27427339553833,0.7914036512374878,248.7608642578125,98615.3671875,0.0004421755438670516
B39,8.0,4.0,-76.75,-33.38,belle,2022-05-06,AntarcticIcebergs_20220506.csv,-4.114300727844238,-4.680562973022461,249.791015625,97712.4453125,0.0004528933495748788
A76A,73.0,14.0,-72.02,-58.08,belle,2022-01-14,AntarcticIcebergs_20220114.csv,0.9776712656021118,1.1484699249267578,272.55999755859375,99586.546875,0.0035101384855806828
B09B,24.0,8.0,-66.27,143.4,wilke,2021-11-05,AntarcticIcebergs_20211105.csv,-4.060593128204346,6.684356689453125,264.0990295410156,98457.515625,0.0012809974141418934
A69B,10.0,7.0,-67.45,-61.03,belle,2021-02-12,AntarcticIcebergs_20210212.csv,4.9583048820495605,-4.268439292907715,274.732421875,97455.3828125,0.0035430905409157276
B46,10.0,4.0,-74.39,-105.48,amune,2019-11-01,AntarcticIcebergs_20191101.csv,-3.9087064266204834,3.112616777420044,260.103515625,98038.78125,0.0010863682255148888
A76C,16.0,7.0,-70.86,-59.74,belle,2021-11-05,AntarcticIcebergs_20211105.csv,-1.0587619543075562,-1.154022216796875,266.9857482910156,97673.515625,0.0019271117635071278
D29C,13.0,6.0,-70.74,-12.41,weddw,2021-10-15,AntarcticIcebergs_20211015.csv,4.95974588394165,-0.6558882594108582,262.5962829589844,98857.5,0.0014314557192847133
D29B,13.0,7.0,-69.26,16.52,wedde,2021-07-09,AntarcticIcebergs_20210709.csv,-3.877702236175537,2.939481258392334,250.9471435546875,99637.28125,0.0005264618084765971
A69C,10.0,3.0,-65.32,-58.55,belle,2022-05-20,AntarcticIcebergs_20220520.csv,-5.5320940017700195,-5.548967361450195,268.4685974121094,100206.5390625,0.0023910673335194588
A69B,10.0,7.0,-67.11,-60.36,belle,2021-07-30,AntarcticIcebergs_20210730.csv,-2.740077495574951,-3.161292314529419,264.3388977050781,97117.8671875,0.0018693687161430717
A76B,20.0,7.0,-73.69,-59.59,belle,2021-12-03,AntarcticIcebergs_20211203.csv,3.8725976943969727,7.260832786560059,269.3179626464844,95996.40625,0.002609128365293145
B42,12.0,4.0,-71.68,-149.69,amunw,2021-12-24,AntarcticIcebergs_20211224.csv,6.678233623504639,0.6087835431098938,271.37261962890625,97880.28125,0.0028657938819378614
A76C,16.0,7.0,-74.14,-57.01,belle,2021-07-16,AntarcticIcebergs_20210716.csv,2.3053555488586426,5.905413627624512,242.8453369140625,101071.640625,0.00024783596745692194
A79,4.0,3.0,-71.02,-60.46,belle,2022-06-03,AntarcticIcebergs_20220603.csv,0.13422705233097076,6.690584659576416,258.33599853515625,95980.734375,0.0010763367172330618
A63,11.0,3.0,-66.12,-56.53,belle,2021-07-09,AntarcticIcebergs_20210709.csv,-10.313248634338379,-8.022432327270508,258.2479248046875,100541.28125,0.0009987690718844533
A69B,10.0,7.0,-67.5,-61.09,belle,2021-01-29,AntarcticIcebergs_20210129.csv,0.3257582187652588,-0.022449538111686707,270.77911376953125,98940.8046875,0.002858591265976429
A76C,16.0,7.0,-71.95,-59.16,belle,2021-09-24,AntarcticIcebergs_20210924.csv,-1.8376963138580322,9.365764617919922,249.56884765625,98898.1171875,0.0004650205955840647
B37,8.0,3.0,-72.64,-111.66,amune,2021-02-12,AntarcticIcebergs_20210212.csv,5.8430705070495605,3.023552894592285,270.41650390625,96167.3828125,0.002792548853904009
A76A,73.0,14.0,-63.86,-52.37,belle,2022-07-01,AntarcticIcebergs_20220701.csv,5.276021480560303,11.535637855529785,253.41522216796875,99215.359375,0.0007220300030894578
A63,11.0,3.0,-67.61,-56.19,belle,2021-05-28,AntarcticIcebergs_20210528.csv,-4.547799587249756,14.509503364562988,249.7725830078125,99236.21875,0.0004306714399717748
C29,5.0,5.0,-66.07,142.83,wilke,2022-01-14,AntarcticIcebergs_20220114.csv,-10.84996509552002,8.120149612426758,270.02203369140625,98962.546875,0.002652785275131464
B09B,24.0,8.0,-66.27,143.4,wilke,2021-09-24,AntarcticIcebergs_20210924.csv,-2.3728525638580322,5.473186492919922,258.57861328125,96898.1171875,0.0007730573997832835
D28,29.0,19.0,-74.53,-28.74,weddw,2022-03-11,AntarcticIcebergs_20220311.csv,-2.6117303371429443,-3.5421016216278076,260.30267333984375,99698.9765625,0.001175892655737698
D29C,13.0,6.0,-69.48,10.46,wedde,2021-07-16,AntarcticIcebergs_20210716.csv,-5.711246013641357,3.9073667526245117,261.0533447265625,97087.640625,0.0012608765391632915
A69B,10.0,7.0,-67.48,-61.11,belle,2021-02-19,AntarcticIcebergs_20210219.csv,-0.4833567142486572,0.2649767994880676,272.5453796386719,97878.6796875,0.0036395862698554993
B29,11.0,5.0,-74.2,-109.56,amune,2022-04-01,AntarcticIcebergs_20220401.csv,-9.914534568786621,10.086688041687012,257.7501220703125,95732.9375,0.000991741195321083
B47,12.0,5.0,-73.86,-134.06,amunw,2021-10-15,AntarcticIcebergs_20211015.csv,3.9275193214416504,0.09408120065927505,257.4390563964844,97913.5,0.0008304024231620133
B09I,12.0,6.0,-70.71,-39.92,belle,2020-12-31,AntarcticIcebergs_20210101.csv,1.5502136945724487,0.6563775539398193,270.8157958984375,98559.953125,0.002727125771343708
D30B,10.0,5.0,-71.86,-15.53,weddw,2021-11-19,AntarcticIcebergs_20211119.csv,-6.106971740722656,-7.034041404724121,269.0773010253906,96744.3671875,0.002661103382706642
C38A,10.0,8.0,-65.19,101.51,wilkw,2022-05-13,AntarcticIcebergs_20220513.csv,-7.610835075378418,3.5765445232391357,259.530029296875,99240.25,0.001057312940247357
A69A,10.0,9.0,-67.92,-61.1,belle,2021-02-05,AntarcticIcebergs_20210205.csv,-0.7535001039505005,-1.8521463871002197,270.692138671875,98741.1640625,0.002977512776851654
A71,8.0,3.0,-72.59,-59.48,belle,2021-01-29,AntarcticIcebergs_20210129.csv,0.4317152500152588,-3.900989532470703,268.98028564453125,98476.8046875,0.0023684026673436165
A23A,40.0,34.0,-75.88,-41.31,belle,2020-12-25,AntarcticIcebergs_20201225.csv,-3.6643998622894287,2.499932050704956,269.7139892578125,98858.7734375,0.0024657014291733503
D30A,37.0,11.0,-74.25,-31.62,belle,2022-03-18,AntarcticIcebergs_20220318.csv,3.446497678756714,0.692988395690918,253.420654296875,98806.703125,0.0006367317982949317
A74,30.0,18.0,-75.25,-26.48,weddw,2021-06-18,AntarcticIcebergs_20210618.csv,-8.261735916137695,1.0556734800338745,242.21737670898438,99113.703125,0.0002540418354328722
B39,8.0,4.0,-69.43,16.41,wedde,2021-06-18,AntarcticIcebergs_20210618.csv,0.10838150978088379,8.736703872680664,252.26620483398438,96969.703125,0.0005301305209286511
A74,30.0,18.0,-77.42,-35.33,belle,2021-11-26,AntarcticIcebergs_20211126.csv,1.4588077068328857,-5.629430294036865,267.6153259277344,97465.3671875,0.0020769783295691013
B15AA,11.0,6.0,-58.04,-36.54,belle,2019-10-25,AntarcticIcebergs_20191025.csv,4.012094497680664,3.858170986175537,271.089111328125,101776.7265625,0.0028482575435191393
A74B,8.0,4.0,-76.75,-44.91,belle,2022-07-01,AntarcticIcebergs_20220701.csv,-3.9319865703582764,6.646965980529785,249.83709716796875,100455.359375,0.0004263909358996898
D29B,13.0,7.0,-70.36,-8.44,weddw,2021-11-12,AntarcticIcebergs_20211112.csv,-0.39009785652160645,4.602359771728516,261.03607177734375,98763.3046875,0.0012008683988824487
A77,27.0,4.0,-77.13,-34.66,belle,2022-06-24,AntarcticIcebergs_20220624.csv,-4.3515238761901855,-1.012894868850708,256.460693359375,99206.2265625,0.0007890461711212993
A68A,20.0,6.0,-55.02,-33.76,belle,2021-03-26,AntarcticIcebergs_20210326.csv,2.7777767181396484,-3.958702802658081,275.36639404296875,98919.6484375,0.00441695237532258
B09B,24.0,8.0,-66.19,143.5,wilke,2022-07-22,AntarcticIcebergs_20220722.csv,-12.175251007080078,10.755327224731445,257.52703857421875,98801.984375,0.000985266757197678
C29,5.0,5.0,-66.06,142.8,wilke,2022-02-04,AntarcticIcebergs_20220204.csv,-6.39736795425415,5.625053882598877,272.4473571777344,99577.28125,0.0032044348772615194
A64,9.0,8.0,-67.22,-59.66,belle,2022-01-28,AntarcticIcebergs_20220128.csv,1.7320603132247925,5.335152626037598,272.3630676269531,99656.765625,0.0033641038462519646
B15AB,11.0,4.0,-66.08,50.6,amerw,2022-06-24,AntarcticIcebergs_20220624.csv,-13.890586853027344,-4.984574317932129,263.008544921875,97718.2265625,0.00106227386277169
C18B,19.0,4.0,-66.57,89.4,amere,2022-05-20,AntarcticIcebergs_20220520.csv,-8.59361743927002,-2.6622486114501953,268.4568786621094,96014.5390625,0.0024673612788319588
C38B,5.0,7.0,-64.94,101.83,wilkw,2022-07-08,AntarcticIcebergs_20220708.csv,-17.2702693939209,5.565738677978516,262.54656982421875,98133.390625,0.0013454635627567768
D29C,13.0,6.0,-73.63,-22.59,weddw,2021-12-24,AntarcticIcebergs_20211224.csv,2.4301869869232178,-2.698101282119751,270.29058837890625,98440.28125,0.002623560605570674
D20A,17.0,6.0,-69.87,7.22,wedde,2022-05-06,AntarcticIcebergs_20220506.csv,-2.4502382278442383,-0.3968714475631714,253.1796875,99336.4453125,0.0003862553567159921
B47,12.0,5.0,-73.85,-134.2,amunw,2022-08-05,AntarcticIcebergs_20220805.csv,-9.649026870727539,-3.783720016479492,251.13418579101562,98181.6484375,0.0005028978921473026
A76B,20.0,7.0,-72.53,-58.91,belle,2022-03-04,AntarcticIcebergs_20220304.csv,-0.11450111865997314,-7.220028400421143,263.329345703125,100108.421875,0.0015301437815651298
C38B,8.0,7.0,-64.96,101.78,wilkw,2022-06-10,AntarcticIcebergs_20220610.csv,-15.463007926940918,0.82878577709198,260.4835510253906,100750.5625,0.0009662279044277966
C15,12.0,8.0,-65.96,143.27,wilke,2021-11-05,AntarcticIcebergs_20211105.csv,-3.3740696907043457,4.598419189453125,266.1127014160156,98729.515625,0.0018121940083801746
A70,8.0,5.0,-67.37,-60.16,belle,2021-11-05,AntarcticIcebergs_20211105.csv,-9.128952026367188,-4.614471435546875,270.8793029785156,97377.515625,0.002934668678790331
B46,10.0,4.0,-71.59,-132.8,amune,2022-01-07,AntarcticIcebergs_20220107.csv,0.38728320598602295,-4.4721832275390625,271.1737060546875,100132.5546875,0.0028294622898101807
D29C,13.0,6.0,-73.6,-23.43,weddw,2021-12-31,AntarcticIcebergs_20211231.csv,1.8533554077148438,3.100900173187256,270.28729248046875,98811.96875,0.0027120730374008417
A76C,16.0,7.0,-68.99,-60.07,belle,2022-04-22,AntarcticIcebergs_20220422.csv,1.030097484588623,3.1389739513397217,256.75567626953125,98687.8203125,0.0009272736497223377
B37,8.0,3.0,-73.12,-109.01,amune,2019-10-18,AntarcticIcebergs_20191018.csv,8.905369758605957,-3.5324790477752686,266.08819580078125,95952.4453125,0.0018543241312727332
B45,7.0,6.0,-74.58,-109.41,amune,2022-02-18,AntarcticIcebergs_20220218.csv,-1.7238794565200806,4.599358558654785,258.7759704589844,98902.21875,0.0009736985666677356
A68M,2.0,2.0,-56.6,-36.05,belle,2021-03-12,AntarcticIcebergs_20210312.csv,10.73936939239502,-11.72802734375,278.38824462890625,98602.890625,0.005414633546024561
A63,11.0,3.0,-68.03,-57.04,belle,2021-05-07,AntarcticIcebergs_20210507.csv,12.340249061584473,-1.8232645988464355,272.60150146484375,98394.28125,0.0031395626720041037
A23A,40.0,34.0,-75.72,-39.71,belle,2021-02-05,AntarcticIcebergs_20210205.csv,1.5929354429244995,5.221095561981201,266.7113037109375,98357.1640625,0.0019790157675743103
A68I,13.0,2.0,-52.72,-35.81,belle,2021-02-19,AntarcticIcebergs_20210219.csv,-4.987140655517578,-4.319007396697998,278.5492858886719,101478.6796875,0.005450613796710968
A74A,30.0,18.0,-76.91,-45.89,belle,2022-06-24,AntarcticIcebergs_20220624.csv,-2.1923444271087646,2.667280912399292,251.283935546875,99662.2265625,0.0005468128947541118
B28,9.0,6.0,-74.29,-109.55,amune,2022-06-24,AntarcticIcebergs_20220624.csv,4.9805073738098145,1.649702787399292,260.925537109375,96670.2265625,0.0013660191325470805
D30B,10.0,5.0,-73.43,-26.06,weddw,2022-01-28,AntarcticIcebergs_20220128.csv,3.527470588684082,2.8849575519561768,270.7947082519531,99168.765625,0.0028987107798457146
A70,8.0,5.0,-67.33,-60.5,belle,2021-11-26,AntarcticIcebergs_20211126.csv,0.14215734601020813,-3.4018912315368652,270.3345642089844,98609.3671875,0.002830381039530039
B46,10.0,4.0,-72.39,-121.97,amune,2021-07-30,AntarcticIcebergs_20210730.csv,-1.5230976343154907,6.915855884552002,256.6357727050781,97797.8671875,0.0008415462216362357
B39,8.0,4.0,-67.12,41.92,amerw,2021-03-19,AntarcticIcebergs_20210319.csv,-2.6659858226776123,-6.334975242614746,272.7214660644531,98762.0703125,0.0036286022514104843
A76B,20.0,7.0,-73.05,-58.67,belle,2022-01-14,AntarcticIcebergs_20220114.csv,-0.7003072500228882,3.055696487426758,272.47698974609375,99578.546875,0.0035444707609713078
D21B,10.0,4.0,-60.69,-32.97,belle,2021-02-05,AntarcticIcebergs_20210205.csv,6.806558609008789,7.910548686981201,273.258544921875,97477.1640625,0.0036050304770469666
D20A,19.0,9.0,-68.42,36.19,amerw,2021-06-04,AntarcticIcebergs_20210604.csv,-18.106517791748047,-6.064420223236084,262.6164855957031,97848.40625,0.00139874336309731
B39,8.0,4.0,-66.6,47.37,amerw,2021-02-19,AntarcticIcebergs_20210219.csv,-9.219562530517578,0.2774279713630676,269.4399108886719,98238.6796875,0.0025686100125312805
B15AA,11.0,6.0,-58.66,-36.57,belle,2019-10-10,AntarcticIcebergs_20191010.csv,-5.548038482666016,-0.028943300247192383,268.7951965332031,96235.3125,0.0026455074548721313
D20A,20.0,9.0,-68.75,36.31,amerw,2019-12-20,AntarcticIcebergs_20191220.csv,-4.3802595138549805,0.20278394222259521,266.40155029296875,99571.515625,0.0018687868723645806
C29,5.0,5.0,-66.08,142.83,wilke,2021-09-17,AntarcticIcebergs_20210917.csv,-1.1047059297561646,2.1280453205108643,261.92913818359375,98883.5234375,0.0009135071886703372
D30A,37.0,11.0,-73.55,-24.77,weddw,2021-11-05,AntarcticIcebergs_20211105.csv,-7.460983753204346,-0.016571015119552612,260.9710998535156,98713.515625,0.0012213927693665028
C33,8.0,4.0,-65.44,126.7,wilke,2021-03-05,AntarcticIcebergs_20210305.csv,-16.68503189086914,2.7352488040924072,268.73651123046875,98528.2109375,0.002537495456635952
B47,12.0,5.0,-73.86,-134.0,amunw,2022-02-04,AntarcticIcebergs_20220204.csv,-5.33291482925415,2.551323413848877,268.7162780761719,98369.28125,0.002059072023257613
C18B,19.0,4.0,-66.57,89.37,amere,2022-06-24,AntarcticIcebergs_20220624.csv,-2.5409772396087646,1.377241849899292,248.293701171875,97454.2265625,0.0002940892009064555
C38B,8.0,7.0,-65.0,101.7,wilkw,2022-04-22,AntarcticIcebergs_20220422.csv,9.692695617675781,2.0252044200897217,254.8894500732422,98975.8203125,0.0007312935777008533
A68B,7.0,3.0,-64.65,-58.66,belle,2019-11-08,AntarcticIcebergs_20191108.csv,1.661377191543579,2.690624713897705,265.8572998046875,98407.7578125,0.0018722922541201115
C35,7.0,5.0,-67.38,147.88,wilke,2021-05-21,AntarcticIcebergs_20210521.csv,-7.541433334350586,10.0685396194458,257.665771484375,98238.1328125,0.0009279708028770983
A69A,10.0,9.0,-66.46,-59.8,belle,2022-02-25,AntarcticIcebergs_20220225.csv,3.0783488750457764,5.523337364196777,270.4535217285156,98426.7578125,0.0027772223111242056
A69A,10.0,9.0,-65.57,-59.37,belle,2022-04-15,AntarcticIcebergs_20220415.csv,-0.07253202795982361,4.143026828765869,259.5750732421875,97520.1875,0.0011499489191919565
C35,7.0,5.0,-67.31,147.77,wilke,2022-07-08,AntarcticIcebergs_20220708.csv,5.811761856079102,-1.7428550720214844,249.56024169921875,98109.390625,0.0004988391301594675
D29B,13.0,7.0,-70.06,-5.18,weddw,2021-10-15,AntarcticIcebergs_20211015.csv,4.28787088394165,1.659785509109497,260.2815856933594,98841.5,0.0011758710024878383
B15AB,11.0,4.0,-66.09,50.59,amerw,2021-11-26,AntarcticIcebergs_20211126.csv,-2.7023251056671143,-3.6245474815368652,267.7417907714844,97657.3671875,0.0020426460541784763
B42,12.0,4.0,-74.43,-141.56,amunw,2021-07-30,AntarcticIcebergs_20210730.csv,11.60757827758789,8.54671573638916,253.04788208007812,99101.8671875,0.0006508113583549857
A76C,16.0,7.0,-69.61,-59.48,belle,2022-03-04,AntarcticIcebergs_20220304.csv,3.5363779067993164,-7.680965900421143,265.061767578125,100628.421875,0.0017947884043678641
C33,8.0,4.0,-65.12,128.08,wilke,2021-01-15,AntarcticIcebergs_20210115.csv,0.2976198196411133,0.2318921536207199,270.3170166015625,98662.390625,0.002323414199054241
A74,30.0,18.0,-75.22,-25.78,belle,2021-03-12,AntarcticIcebergs_20210312.csv,-10.77234935760498,-4.36083984375,267.47418212890625,98194.890625,0.0023838565684854984
B50,15.0,6.0,-67.8,-166.89,rosse,2022-01-21,AntarcticIcebergs_20220121.csv,1.965886116027832,-1.2057772874832153,271.0845947265625,97708.5546875,0.0027012594509869814
D20A,19.0,9.0,-68.42,36.18,amerw,2021-05-28,AntarcticIcebergs_20210528.csv,-4.378854274749756,-0.06422674655914307,262.9249267578125,99484.21875,0.001177636906504631
D30B,10.0,5.0,-73.68,-26.75,weddw,2022-02-04,AntarcticIcebergs_20220204.csv,-10.686430931091309,-1.483344554901123,271.8926696777344,98129.28125,0.0033770499285310507
C35,7.0,5.0,-67.36,148.14,wilke,2022-01-21,AntarcticIcebergs_20220121.csv,-7.634211540222168,3.468050956726074,269.3846435546875,97996.5546875,0.0024084814358502626
B39,8.0,4.0,-76.75,-33.2,belle,2022-04-29,AntarcticIcebergs_20220429.csv,-1.166483998298645,-0.7833572626113892,249.40093994140625,99261.0078125,0.0003889206564053893
C35,7.0,5.0,-67.3,147.91,wilke,2021-08-13,AntarcticIcebergs_20210813.csv,-14.786588668823242,7.921707630157471,257.9307556152344,98603.578125,0.0009705336997285485
B09I,12.0,6.0,-70.44,-42.21,belle,2021-02-12,AntarcticIcebergs_20210212.csv,-6.2799763679504395,-4.323126792907715,271.1494140625,98295.3828125,0.0030281064100563526
A77,27.0,4.0,-74.85,-26.52,weddw,2021-12-31,AntarcticIcebergs_20211231.csv,2.2576522827148438,3.112618923187256,270.35858154296875,98827.96875,0.0026043078396469355
B42,8.0,3.0,-65.32,-144.77,amunw,2022-08-05,AntarcticIcebergs_20220805.csv,9.708395004272461,3.989717483520508,256.3697814941406,99789.6484375,0.0007000700570642948
D20A,18.0,7.0,-69.5,22.46,wedde,2022-02-11,AntarcticIcebergs_20220211.csv,-7.141382217407227,2.9858624935150146,270.75360107421875,98485.828125,0.0026137297973036766
C18B,19.0,4.0,-65.96,93.5,wilkw,2021-04-02,AntarcticIcebergs_20210402.csv,-4.917916297912598,6.01215934753418,256.6280822753906,98563.546875,0.0007529543363489211
A76A,73.0,14.0,-63.68,-52.19,belle,2022-07-08,AntarcticIcebergs_20220708.csv,5.520746231079102,-1.1281089782714844,267.35711669921875,98709.390625,0.002283879090100527
A78,18.0,4.0,-72.5,-37.27,belle,2022-06-10,AntarcticIcebergs_20220610-1.csv,1.9461714029312134,-7.6896467208862305,264.5606994628906,101038.5625,0.0016640790272504091
D21B,9.0,4.0,-57.89,-26.53,weddw,2021-04-30,AntarcticIcebergs_20210430.csv,6.016067028045654,-1.910417914390564,273.17913818359375,97731.953125,0.0033272241707891226
D20A,20.0,9.0,-68.83,36.28,amerw,2019-10-18,AntarcticIcebergs_20191018.csv,-4.052638053894043,5.713614463806152,259.61944580078125,99384.4453125,0.0010150907328352332
B28,9.0,6.0,-74.26,-109.58,amune,2022-07-08,AntarcticIcebergs_20220708.csv,1.1643011569976807,7.307926177978516,242.01336669921875,99949.390625,0.00024265836691483855
B29,11.0,5.0,-74.19,-109.55,amune,2022-05-06,AntarcticIcebergs_20220506.csv,-5.842816352844238,5.354593276977539,249.373046875,97856.4453125,0.0005098753608763218
A69B,10.0,7.0,-67.18,-60.5,belle,2021-06-04,AntarcticIcebergs_20210604.csv,8.418872833251953,0.32669293880462646,256.9056091308594,99088.40625,0.0007271182257682085
A78,18.0,4.0,-71.09,-12.85,weddw,2022-01-21,AntarcticIcebergs_20220121.csv,-12.563899040222168,-0.25753509998321533,272.3570556640625,97124.5546875,0.0033392675686627626
D20A,20.0,9.0,-68.89,36.31,amerw,2019-09-06,AntarcticIcebergs_20190906.csv,-0.5438193082809448,5.010958671569824,247.30908203125,98452.3828125,0.00036193709820508957
B47,12.0,5.0,-73.86,-134.08,amunw,2021-11-12,AntarcticIcebergs_20211112.csv,5.496132850646973,4.194156646728516,265.60296630859375,97331.3046875,0.0015851991483941674
A70,8.0,5.0,-67.23,-60.67,belle,2021-12-10,AntarcticIcebergs_20211210.csv,7.697940826416016,-4.413780689239502,274.4085998535156,97252.953125,0.0034307772293686867
D22,11.0,2.0,-66.56,78.84,amere,2019-08-16,AntarcticIcebergs_20190816.csv,3.8630988597869873,1.7287559509277344,253.62957763671875,99443.2578125,0.000583750894293189
D30B,10.0,5.0,-73.85,-31.79,belle,2022-04-08,AntarcticIcebergs_20220408.csv,-4.02095365524292,5.550666809082031,266.1397399902344,97359.6875,0.0020500984974205494
A74,30.0,18.0,-76.89,-44.13,belle,2022-04-22,AntarcticIcebergs_20220422.csv,-0.4962086081504822,7.179501533508301,245.8259735107422,98783.8203125,0.000368539709597826
A69C,10.0,3.0,-66.83,-59.04,belle,2021-12-10,AntarcticIcebergs_20211210.csv,7.199893951416016,-4.280968189239502,273.9710998535156,97316.953125,0.003446989692747593
B46,10.0,4.0,-74.31,-145.18,amune,2022-07-08,AntarcticIcebergs_20220708.csv,-18.1608943939209,1.1790199279785156,258.24139404296875,98413.390625,0.0009959419257938862
C38A,10.0,8.0,-65.22,101.36,wilkw,2022-07-08,AntarcticIcebergs_20220708.csv,-17.6218318939209,4.848941802978516,262.64617919921875,98117.390625,0.001365490723401308
B39,8.0,4.0,-74.68,-27.22,weddw,2021-12-10,AntarcticIcebergs_20211210.csv,2.5988199710845947,1.658484935760498,268.7266540527344,97772.953125,0.0020260149613022804
A68A,3.0,2.0,-52.86,-33.53,belle,2021-04-16,AntarcticIcebergs_20210416.csv,5.884553909301758,3.2795095443725586,274.7813415527344,100311.3203125,0.0041892449371516705
A74,30.0,18.0,-75.27,-26.44,belle,2021-05-14,AntarcticIcebergs_20210514.csv,-10.89923095703125,-3.6049349308013916,257.79766845703125,98384.609375,0.0010204071877524257
C35,7.0,5.0,-67.3,147.8,wilke,2022-07-15,AntarcticIcebergs_20220715.csv,-2.8178555965423584,10.18301010131836,250.48919677734375,98278.1328125,0.0005970975034870207
C33,8.0,4.0,-66.38,144.37,wilke,2019-08-23,AntarcticIcebergs_20190823.csv,-6.373103141784668,8.042984008789062,247.69046020507812,97666.234375,0.0004533948376774788
B29,11.0,5.0,-74.1,-109.89,amune,2022-06-10,AntarcticIcebergs_20220610.csv,-3.785274028778076,1.50468909740448,254.75015258789062,96974.5625,0.0008114942465908825
B28,9.0,6.0,-74.38,-109.41,amune,2022-04-08,AntarcticIcebergs_20220408.csv,-10.798297882080078,3.4950027465820312,265.0264587402344,97663.6875,0.0019242133712396026
B09G,11.0,7.0,-68.18,41.8,amerw,2022-04-08,AntarcticIcebergs_20220408.csv,-11.423297882080078,-1.7081221342086792,268.3819274902344,98887.6875,0.0018941726302728057
B09I,8.0,3.0,-57.07,-22.4,weddw,2022-06-10,AntarcticIcebergs_20220610.csv,0.8114057779312134,5.6755876541137695,273.1251525878906,102190.5625,0.003261483507230878
B37,8.0,3.0,-72.68,-111.46,amune,2020-12-04,AntarcticIcebergs_20201204.csv,0.5395142436027527,0.7611656188964844,269.4516296386719,97183.65625,0.0023723728954792023
D28,29.0,19.0,-74.44,-32.82,belle,2022-05-13,AntarcticIcebergs_20220513.csv,-1.1634471416473389,7.716193199157715,260.836669921875,99496.25,0.0013500909553840756
B39,8.0,4.0,-68.55,31.96,amerw,2021-05-14,AntarcticIcebergs_20210514.csv,-3.725403070449829,0.2419278919696808,256.10137939453125,97888.609375,0.00091121147852391
A74B,8.0,4.0,-76.75,-44.91,belle,2022-06-24,AntarcticIcebergs_20220624.csv,-2.5995709896087646,2.914839506149292,251.713623046875,99654.2265625,0.0005663632182404399
D31,10.0,2.0,-73.64,-26.9,weddw,2022-05-13,AntarcticIcebergs_20220513.csv,-4.873530387878418,-1.7007991075515747,257.79931640625,99216.25,0.0009419183479622006
C15,12.0,8.0,-65.97,143.27,wilke,2021-06-25,AntarcticIcebergs_20210625.csv,-13.839984893798828,10.832596778869629,255.47628784179688,97414.15625,0.000749065715353936
D30B,10.0,5.0,-73.76,-29.07,weddw,2022-03-25,AntarcticIcebergs_20220325.csv,5.074654579162598,5.802235126495361,258.6396484375,99308.3046875,0.001057440065778792
A69C,10.0,3.0,-66.71,-58.61,belle,2022-02-25,AntarcticIcebergs_20220225.csv,3.0178020000457764,6.253806114196777,271.3636779785156,98426.7578125,0.003052834188565612
D29C,13.0,6.0,-72.4,-17.7,weddw,2021-11-12,AntarcticIcebergs_20211112.csv,2.0410544872283936,2.6257972717285156,263.24383544921875,99083.3046875,0.0015890138456597924
A76C,16.0,7.0,-70.66,-59.88,belle,2021-11-12,AntarcticIcebergs_20211112.csv,5.316445350646973,-6.706233978271484,272.61614990234375,96667.3046875,0.003182126907631755
B50,14.0,5.0,-65.92,-165.51,rosse,2022-04-15,AntarcticIcebergs_20220415.csv,1.907021164894104,8.857871055603027,270.4989013671875,96536.1875,0.0027025307063013315
A23A,40.0,34.0,-75.48,-40.62,belle,2021-09-17,AntarcticIcebergs_20210917.csv,-4.756317138671875,7.273065090179443,259.95989990234375,97395.5234375,0.001145250047557056
A76C,16.0,7.0,-68.99,-60.16,belle,2022-04-15,AntarcticIcebergs_20220415.csv,-1.156455397605896,9.777792930603027,251.1776123046875,97776.1875,0.0005136097897775471
D29C,13.0,6.0,-70.71,-43.84,belle,2022-08-12,AntarcticIcebergs_20220812.csv,5.269372463226318,2.1908981800079346,252.67153930664062,98463.671875,0.0006044151959940791
A23A,40.0,34.0,-75.45,-39.74,belle,2021-07-23,AntarcticIcebergs_20210723.csv,6.48914909362793,4.2748565673828125,240.98660278320312,99589.8515625,0.00028103310614824295
B50,14.0,5.0,-64.33,-165.25,rosse,2022-06-17,AntarcticIcebergs_20220617.csv,3.5158042907714844,-1.397650957107544,254.05267333984375,99322.984375,0.0006419743876904249
D30A,37.0,11.0,-74.29,-32.92,belle,2022-04-01,AntarcticIcebergs_20220401.csv,-6.346175193786621,0.34157121181488037,268.7994384765625,98124.9375,0.0026835594326257706
D28,29.0,19.0,-74.35,-34.96,belle,2022-05-20,AntarcticIcebergs_20220520.csv,5.2618513107299805,11.308454513549805,252.92758178710938,98526.5390625,0.0006296307547017932
A69B,10.0,7.0,-66.95,-59.87,belle,2021-10-15,AntarcticIcebergs_20211015.csv,-1.6799025535583496,5.503535747528076,265.9087829589844,96697.5,0.0021147632505744696
A63,11.0,3.0,-69.61,-56.7,belle,2021-03-26,AntarcticIcebergs_20210326.csv,0.7655695676803589,-0.8078237771987915,259.56707763671875,100319.6484375,0.0010500053176656365
C38A,10.0,8.0,-65.2,101.52,wilkw,2022-05-20,AntarcticIcebergs_20220520.csv,-7.4881486892700195,4.252790451049805,268.4217224121094,96046.5390625,0.0025665434077382088
A69B,10.0,5.0,-66.56,-58.87,belle,2021-12-17,AntarcticIcebergs_20211217.csv,5.214242935180664,6.913477897644043,273.25396728515625,98280.078125,0.00347911543212831
A76A,73.0,14.0,-62.49,-53.27,belle,2022-08-05,AntarcticIcebergs_20220805.csv,-1.1531771421432495,-1.7534465789794922,261.5580139160156,102053.6484375,0.0012641684152185917
B42,12.0,4.0,-74.53,-141.79,amunw,2021-07-16,AntarcticIcebergs_20210716.csv,-5.581363201141357,-0.7376526594161987,261.9654541015625,98567.640625,0.0013905762461945415
A78,18.0,4.0,-73.11,-32.59,belle,2022-04-22,AntarcticIcebergs_20220422.csv,4.886054515838623,4.965634346008301,252.4734344482422,98191.8203125,0.0006240052171051502
D29B,13.0,7.0,-71.09,-13.29,weddw,2022-01-07,AntarcticIcebergs_20220107.csv,3.3848416805267334,3.5473480224609375,271.0301513671875,98524.5546875,0.0030659735202789307
A64,11.0,8.0,-67.42,-60.89,belle,2021-10-08,AntarcticIcebergs_20211008.csv,-1.6756186485290527,-4.455793380737305,262.5950927734375,98718.59375,0.0016024485230445862
A23A,40.0,34.0,-75.64,-40.27,belle,2021-05-07,AntarcticIcebergs_20210507.csv,-0.16902834177017212,0.9867405891418457,254.5619659423828,97658.28125,0.0006206703255884349
A76A,73.0,14.0,-64.5,-53.69,belle,2022-06-10,AntarcticIcebergs_20220610.csv,4.619022846221924,2.5896499156951904,268.3458557128906,100686.5625,0.002404130296781659
D27,8.0,5.0,-67.72,78.31,amere,2021-02-05,AntarcticIcebergs_20210205.csv,3.221597671508789,3.0843770503997803,270.971435546875,98173.1640625,0.0024987682700157166
B39,8.0,4.0,-72.96,-21.07,weddw,2021-10-08,AntarcticIcebergs_20211008.csv,2.9889321327209473,2.145951986312866,259.0599365234375,99742.59375,0.0010698214173316956
A76B,20.0,7.0,-73.81,-59.8,belle,2021-10-15,AntarcticIcebergs_20211015.csv,1.0342087745666504,10.614863395690918,261.7593688964844,96961.5,0.0014715100405737758
A64,9.0,8.0,-67.26,-59.81,belle,2022-02-18,AntarcticIcebergs_20220218.csv,-7.404055118560791,-0.40991878509521484,270.3150329589844,98438.21875,0.0025048227980732918
A69A,10.0,9.0,-67.1,-60.26,belle,2021-10-22,AntarcticIcebergs_20211022.csv,-4.111899375915527,5.195755958557129,268.696533203125,97849.3359375,0.002652367576956749
C33,8.0,4.0,-65.44,126.64,wilke,2021-04-16,AntarcticIcebergs_20210416.csv,5.191194534301758,0.5594167709350586,254.67953491210938,95679.3203125,0.0007424276554957032
D30B,10.0,5.0,-73.52,-21.82,weddw,2021-12-31,AntarcticIcebergs_20211231.csv,1.6414413452148438,2.569650173187256,269.60369873046875,98787.96875,0.0026167056057602167
A69B,10.0,5.0,-66.5,-59.16,belle,2022-01-07,AntarcticIcebergs_20220107.csv,-2.5341036319732666,-1.3659820556640625,272.5750732421875,99716.5546875,0.0028399527072906494
A69B,10.0,7.0,-66.9,-59.73,belle,2021-10-22,AntarcticIcebergs_20211022.csv,-4.111899375915527,5.195755958557129,268.696533203125,97849.3359375,0.002652367576956749
B09B,24.0,8.0,-66.27,143.42,wilke,2021-03-19,AntarcticIcebergs_20210319.csv,-13.789032936096191,11.682602882385254,263.2370910644531,98666.0703125,0.001575818401761353
A68A,16.0,6.0,-53.78,-34.45,belle,2021-04-02,AntarcticIcebergs_20210402.csv,7.541068077087402,7.68891716003418,275.5625305175781,100347.546875,0.003997354302555323
B46,10.0,4.0,-73.23,-107.81,amune,2020-11-27,AntarcticIcebergs_20201127.csv,5.749613285064697,1.5881940126419067,268.6822509765625,97418.703125,0.0019366010092198849
C37,8.0,3.0,-65.22,101.09,wilkw,2022-05-20,AntarcticIcebergs_20220520.csv,-7.4881486892700195,4.252790451049805,268.4217224121094,96046.5390625,0.0025665434077382088
D29C,13.0,6.0,-72.77,-35.41,belle,2022-04-29,AntarcticIcebergs_20220429.csv,-2.2968549728393555,2.1282639503479004,244.83648681640625,100125.0078125,0.0002835396444424987
D30B,10.0,5.0,-73.28,-36.78,belle,2022-05-20,AntarcticIcebergs_20220520.csv,5.5118513107299805,12.519392013549805,253.36508178710938,98734.5390625,0.0006255776388570666
A69A,10.0,9.0,-68.28,-60.22,belle,2020-12-25,AntarcticIcebergs_20201225.csv,-8.012056350708008,6.801690101623535,272.0596923828125,97298.7734375,0.0033135178964585066
D28,29.0,19.0,-69.82,24.73,wedde,2021-06-04,AntarcticIcebergs_20210604.csv,-14.977611541748047,4.652376651763916,262.8371887207031,97744.40625,0.0014359366614371538
C35,7.0,5.0,-67.29,147.73,wilke,2022-08-05,AntarcticIcebergs_20220805.csv,1.0384732484817505,6.597139358520508,248.59902954101562,98477.6484375,0.0004481808573473245
B16,16.0,6.0,-54.86,-31.67,belle,2019-11-15,AntarcticIcebergs_20191115.csv,7.595053195953369,0.10975474119186401,273.6466979980469,100228.203125,0.0038507748395204544
C29,5.0,5.0,-66.06,142.78,wilke,2022-05-06,AntarcticIcebergs_20220506.csv,-1.6392029523849487,1.3411046266555786,251.185546875,97848.4453125,0.0005089216865599155
D22,11.0,2.0,-66.52,76.52,amere,2019-10-25,AntarcticIcebergs_20191025.csv,-10.254507064819336,2.781022548675537,267.522705078125,98416.7265625,0.002235998632386327
B29,11.0,5.0,-74.2,-109.56,amune,2022-04-15,AntarcticIcebergs_20220415.csv,-1.953330397605896,7.820761203765869,246.6903076171875,98552.1875,0.0004059637722093612
A68A,82.0,26.0,-64.69,-55.82,belle,2019-12-06,AntarcticIcebergs_20191206.csv,4.432487964630127,8.769094467163086,271.7356262207031,99303.53125,0.0031750567723065615
B09B,24.0,8.0,-66.2,143.42,wilke,2022-07-08,AntarcticIcebergs_20220708.csv,8.741449356079102,-2.6637535095214844,257.78961181640625,98589.390625,0.0009341914555989206
B46,10.0,4.0,-74.38,-104.81,amune,2019-09-06,AntarcticIcebergs_20190906.csv,-0.7393759489059448,-2.358181953430176,258.666748046875,98788.3828125,0.0010359464213252068
B46,10.0,4.0,-72.73,-108.8,amune,2020-12-25,AntarcticIcebergs_20201225.csv,-2.3665482997894287,4.069268226623535,271.8468017578125,98186.7734375,0.0028481248300522566
C15,12.0,8.0,-65.97,143.27,wilke,2021-06-11,AntarcticIcebergs_20210611.csv,-6.228725910186768,1.369384527206421,253.80325317382812,99753.1953125,0.000723852775990963
D27,8.0,5.0,-67.34,71.83,amere,2021-04-16,AntarcticIcebergs_20210416.csv,-2.709196090698242,9.862517356872559,262.7500915527344,98231.3203125,0.0015227716648951173
C18B,19.0,4.0,-64.97,93.86,wilkw,2021-03-12,AntarcticIcebergs_20210312.csv,-6.557506084442139,1.160278558731079,265.24566650390625,98746.890625,0.001718191779218614
A64,12.0,8.0,-68.36,-60.78,belle,2021-03-26,AntarcticIcebergs_20210326.csv,-1.7546941041946411,0.1811288297176361,258.50115966796875,100191.6484375,0.0010657409438863397
C33,8.0,4.0,-65.15,129.56,wilke,2020-12-25,AntarcticIcebergs_20201225.csv,-11.117525100708008,0.5297478437423706,270.9776611328125,97498.7734375,0.0030417207162827253
A63,7.0,3.0,-63.91,-52.58,belle,2021-10-15,AntarcticIcebergs_20211015.csv,7.63943338394165,-9.900761604309082,271.8384704589844,97769.5,0.003325929632410407
B42,12.0,4.0,-67.44,-150.4,rosse,2022-06-10,AntarcticIcebergs_20220610-1.csv,2.692265033721924,4.4714860916137695,253.40249633789062,98822.5625,0.0006667741690762341
A63,7.0,3.0,-63.18,-50.96,belle,2021-11-12,AntarcticIcebergs_20211112.csv,11.423867225646973,-7.059749603271484,273.13958740234375,100059.3046875,0.003675176529213786
A76B,20.0,7.0,-72.89,-58.94,belle,2022-02-04,AntarcticIcebergs_20220204.csv,2.3272414207458496,6.505913257598877,272.3858337402344,98377.28125,0.0033846793230623007
A69B,10.0,5.0,-66.78,-58.98,belle,2021-12-03,AntarcticIcebergs_20211203.csv,11.731972694396973,-3.2118237018585205,273.3853454589844,96252.40625,0.0031861013267189264
A69B,10.0,7.0,-67.26,-60.72,belle,2021-04-30,AntarcticIcebergs_20210430.csv,1.7719264030456543,6.9723944664001465,247.0424041748047,98955.953125,0.0003609393024817109
B09G,11.0,7.0,-68.2,41.8,amerw,2021-06-18,AntarcticIcebergs_20210618.csv,-30.832048416137695,-7.941030502319336,264.6099548339844,95497.703125,0.0015536615392193198
C15,12.0,8.0,-65.96,143.27,wilke,2022-01-07,AntarcticIcebergs_20220107.csv,-1.436447262763977,-1.5654449462890625,273.2391357421875,98996.5546875,0.0037669241428375244
A68D,11.0,5.0,-55.4,-36.61,belle,2021-01-08,AntarcticIcebergs_20210108.csv,10.1697998046875,-6.8878350257873535,277.636962890625,100715.3984375,0.004877799190580845
B09G,11.0,7.0,-68.2,41.81,amerw,2021-05-21,AntarcticIcebergs_20210521.csv,-21.193777084350586,-4.896304130554199,262.140625,97718.1328125,0.0011668662773445249
B42,12.0,4.0,-73.42,-131.77,amunw,2021-04-09,AntarcticIcebergs_20210409.csv,-12.26944637298584,3.915893077850342,259.94805908203125,96303.7265625,0.0012316242791712284
A74,30.0,18.0,-75.78,-28.78,weddw,2021-08-20,AntarcticIcebergs_20210820.csv,6.073737144470215,1.6496496200561523,251.14059448242188,98154.671875,0.0005692696431651711
B46,10.0,4.0,-72.34,-113.19,amune,2021-05-07,AntarcticIcebergs_20210507.csv,7.148842811584473,0.45237016677856445,256.09881591796875,98330.28125,0.0008857917855493724
B09I,12.0,6.0,-70.6,-41.91,belle,2021-02-05,AntarcticIcebergs_20210205.csv,1.5304354429244995,6.129298686981201,269.030029296875,98509.1640625,0.0023538097739219666
A78,18.0,4.0,-72.65,-40.31,belle,2022-06-24,AntarcticIcebergs_20220624.csv,-1.9037702083587646,6.656050682067871,256.397216796875,99102.2265625,0.0008925198344513774
D30A,37.0,11.0,-73.31,-44.04,belle,2022-07-01,AntarcticIcebergs_20220701.csv,-5.389994144439697,3.524895668029785,245.75115966796875,100087.359375,0.0003053935070056468
A76B,20.0,7.0,-74.61,-58.2,belle,2021-06-25,AntarcticIcebergs_20210625.csv,-0.5169863700866699,6.615799903869629,241.4705810546875,99774.15625,0.00027711610891856253
A74,30.0,18.0,-77.32,-41.66,belle,2022-03-11,AntarcticIcebergs_20220311.csv,-3.4291131496429443,-1.4642207622528076,260.54681396484375,99346.9765625,0.0013723495649173856
D30A,37.0,11.0,-72.78,-45.53,belle,2022-07-15,AntarcticIcebergs_20220715.csv,1.0954744815826416,0.4642598628997803,256.07806396484375,99134.1328125,0.000764228927437216
C15,12.0,8.0,-65.98,143.3,wilke,2021-01-22,AntarcticIcebergs_20210122.csv,-9.783809661865234,8.792976379394531,272.57574462890625,97807.5859375,0.00345020298846066
A23A,40.0,34.0,-75.7,-39.88,belle,2021-03-05,AntarcticIcebergs_20210305.csv,-0.03268882632255554,4.510639190673828,263.85968017578125,98656.2109375,0.0017535750521346927
B42,12.0,4.0,-74.08,-140.57,amunw,2021-08-13,AntarcticIcebergs_20210813.csv,5.7095046043396,3.3455357551574707,258.0752868652344,99923.578125,0.000947407097555697
A76A,73.0,14.0,-74.23,-59.26,belle,2021-08-13,AntarcticIcebergs_20210813.csv,0.6733717918395996,6.949051380157471,250.86923217773438,97931.578125,0.0005862029502168298
A69A,10.0,9.0,-67.2,-60.45,belle,2021-09-24,AntarcticIcebergs_20210924.csv,4.196483135223389,9.775920867919922,254.09619140625,97970.1171875,0.0007091612205840647
D29C,13.0,6.0,-70.35,-7.01,weddw,2021-09-17,AntarcticIcebergs_20210917.csv,-18.012176513671875,0.5277035236358643,255.58441162109375,98059.5234375,0.0008014504564926028
B46,10.0,4.0,-72.63,-109.93,amune,2021-01-15,AntarcticIcebergs_20210115.csv,-9.844592094421387,0.3449292778968811,272.9263916015625,97638.390625,0.0036566508933901787
D28,29.0,19.0,-65.52,52.19,amerw,2021-01-29,AntarcticIcebergs_20210129.csv,-5.00480842590332,-0.2771187424659729,270.36700439453125,97924.8046875,0.0029778005555272102
B39,8.0,4.0,-69.34,7.51,wedde,2021-07-23,AntarcticIcebergs_20210723.csv,-6.35069465637207,-3.6352996826171875,260.9192199707031,100237.8515625,0.0013285251334309578
B38,6.0,4.0,-76.99,-155.08,rosse,2019-08-16,AntarcticIcebergs_20190816.csv,-10.577330589294434,-1.4504432678222656,260.87274169921875,96819.2578125,0.0012847015168517828
A78,18.0,4.0,-72.27,-34.98,belle,2022-05-20,AntarcticIcebergs_20220520.csv,5.0528669357299805,13.152204513549805,256.2801208496094,98454.5390625,0.0008048684103414416
A69A,10.0,9.0,-67.38,-60.75,belle,2021-07-23,AntarcticIcebergs_20210723.csv,0.39735233783721924,-3.3979949951171875,241.52566528320312,100917.8515625,0.00022911747510079294
B42,8.0,3.0,-66.61,-150.95,rosse,2022-06-24,AntarcticIcebergs_20220624.csv,4.7383198738098145,7.466597557067871,254.119873046875,98734.2265625,0.0007025002269074321
A76A,73.0,14.0,-66.88,-55.4,belle,2022-05-06,AntarcticIcebergs_20220506.csv,-10.450238227844238,-0.8309534788131714,257.0423583984375,97832.4453125,0.0009700232185423374
C18B,19.0,4.0,-64.38,96.02,wilkw,2021-02-26,AntarcticIcebergs_20210226.csv,-1.2874553203582764,3.810795545578003,269.1439514160156,98851.8671875,0.0026527789887040854
A76B,20.0,7.0,-73.97,-60.08,belle,2021-07-30,AntarcticIcebergs_20210730.csv,0.8917583227157593,0.8457877039909363,252.79202270507812,98221.8671875,0.0005904914578422904
A64,11.0,8.0,-68.04,-61.06,belle,2021-05-14,AntarcticIcebergs_20210514.csv,0.1048276424407959,-8.002395629882812,265.76251220703125,98168.609375,0.0017895455239340663
B39,8.0,4.0,-76.47,-31.94,belle,2022-04-15,AntarcticIcebergs_20220415.csv,-4.6545023918151855,-3.062051296234131,261.2098388671875,97264.1875,0.0011065567377954721
B09B,24.0,8.0,-66.27,143.4,wilke,2021-07-16,AntarcticIcebergs_20210716.csv,-5.907535076141357,10.110491752624512,246.9898681640625,99855.640625,0.0003212688898202032
A23A,40.0,34.0,-74.31,-39.92,belle,2022-08-05,AntarcticIcebergs_20220805.csv,5.147848129272461,3.205537796020508,250.96621704101562,100533.6484375,0.0005410448648035526
C15,12.0,8.0,-65.98,143.29,wilke,2021-03-12,AntarcticIcebergs_20210312.csv,-10.54578685760498,9.81494140625,269.42340087890625,98874.890625,0.002363829407840967
C37,8.0,3.0,-65.27,100.86,wilkw,2022-08-05,AntarcticIcebergs_20220805.csv,-27.72519874572754,-0.715360701084137,260.2474670410156,97909.6484375,0.0010796324349939823
B39,8.0,4.0,-73.8,-25.6,weddw,2021-11-05,AntarcticIcebergs_20211105.csv,-6.984421253204346,-0.653411865234375,261.7709045410156,98785.515625,0.0012953025288879871
A69A,10.0,9.0,-67.73,-61.24,belle,2021-03-19,AntarcticIcebergs_20210319.csv,0.9717094898223877,-0.8442525267601013,258.6335754394531,96226.0703125,0.0011070874752476811
A77,27.0,4.0,-74.77,-27.49,weddw,2022-03-11,AntarcticIcebergs_20220311.csv,-2.1332147121429443,-2.0767695903778076,259.23577880859375,99738.9765625,0.0010295036481693387
D20A,19.0,9.0,-68.42,36.2,amerw,2021-06-25,AntarcticIcebergs_20210625.csv,-17.379047393798828,-7.112715721130371,263.6971435546875,98350.15625,0.0013961336808279157
A69A,10.0,9.0,-66.81,-59.52,belle,2022-02-11,AntarcticIcebergs_20220211.csv,2.2521724700927734,-1.0466387271881104,273.97235107421875,99549.828125,0.0033537810668349266
B09G,11.0,7.0,-68.15,41.87,amerw,2022-06-10,AntarcticIcebergs_20220610-1.csv,-7.269649028778076,2.2888686656951904,261.6229553222656,99030.5625,0.0010337003041058779
B39,8.0,4.0,-65.16,91.48,wilkw,2019-08-16,AntarcticIcebergs_20190816.csv,7.274231910705566,4.506099700927734,258.94305419921875,99227.2578125,0.001029593637213111
A77,27.0,4.0,-77.45,-36.44,belle,2022-08-05,AntarcticIcebergs_20220805.csv,3.323629379272461,9.261201858520508,243.79043579101562,99589.6484375,0.0002960698038805276
A23A,40.0,34.0,-75.55,-37.63,belle,2022-03-11,AntarcticIcebergs_20220311.csv,-3.9105584621429443,-5.9327263832092285,262.51898193359375,99410.9765625,0.0014801147626712918
B15AB,11.0,4.0,-65.95,50.78,amerw,2021-10-22,AntarcticIcebergs_20211022.csv,4.992592811584473,3.389115333557129,258.780517578125,97369.3359375,0.0011665429919958115
B09I,12.0,6.0,-70.77,-40.1,belle,2021-01-15,AntarcticIcebergs_20210115.csv,0.09400653839111328,8.865193367004395,268.5992431640625,98046.390625,0.002296711318194866
A76B,20.0,7.0,-71.71,-59.04,belle,2022-04-01,AntarcticIcebergs_20220401.csv,-2.313460350036621,0.08497941493988037,254.4478759765625,98764.9375,0.0006941948086023331
D29A,15.0,9.0,-73.85,-22.52,weddw,2021-12-31,AntarcticIcebergs_20211231.csv,1.2566757202148438,2.943185329437256,268.31121826171875,98787.96875,0.0023954531643539667
C34,11.0,5.0,-64.36,133.43,wilke,2019-09-13,AntarcticIcebergs_20190913.csv,-19.40900993347168,2.7693443298339844,256.1256103515625,96361.359375,0.0008577588014304638
D28,29.0,19.0,-68.27,70.9,amere,2019-10-25,AntarcticIcebergs_20191025.csv,4.005258560180664,13.139421463012695,257.237548828125,98632.7265625,0.0008526940364390612
D29A,15.0,9.0,-73.14,-31.58,belle,2022-03-11,AntarcticIcebergs_20220311.csv,-4.900792598724365,-5.1807732582092285,261.11956787109375,99450.9765625,0.0013022545026615262
A76B,20.0,7.0,-73.02,-59.07,belle,2022-01-21,AntarcticIcebergs_20220121.csv,-4.683039665222168,-7.442105293273926,269.9542236328125,97324.5546875,0.002855754690244794
B45,7.0,6.0,-74.51,-109.6,amune,2022-06-03,AntarcticIcebergs_20220603.csv,-3.7296645641326904,11.051913261413574,245.55377197265625,97076.734375,0.0003198345366399735
D28,29.0,19.0,-74.57,-32.18,belle,2022-05-06,AntarcticIcebergs_20220506.csv,4.370074272155762,-0.7430628538131714,249.611328125,98744.4453125,0.00046099958126433194
C15,12.0,8.0,-65.96,143.27,wilke,2021-11-26,AntarcticIcebergs_20211126.csv,4.079901695251465,2.2572884559631348,268.6465759277344,98089.3671875,0.00173651659861207
A70,8.0,5.0,-68.05,-60.73,belle,2021-07-30,AntarcticIcebergs_20210730.csv,-7.478358745574951,4.360191822052002,261.2304992675781,97477.8671875,0.0014230491360649467
D29C,13.0,6.0,-68.86,15.34,wedde,2021-06-25,AntarcticIcebergs_20210625.csv,-2.97767972946167,1.1001747846603394,265.6424560546875,97374.15625,0.002054645912721753
B38,6.0,4.0,-76.99,-154.99,rosse,2021-02-26,AntarcticIcebergs_20210226.csv,3.2457478046417236,-0.33532261848449707,263.0567932128906,96403.8671875,0.0014401820953935385
C36,22.0,15.0,-67.94,147.48,wilke,2021-05-21,AntarcticIcebergs_20210521.csv,-3.693777084350586,13.2013521194458,250.2421875,97518.1328125,0.0004102448874618858
A76A,73.0,14.0,-64.0,-52.95,belle,2022-06-24,AntarcticIcebergs_20220624.csv,2.6797258853912354,4.542769432067871,253.574951171875,100174.2265625,0.0006989239482209086
A68A,82.0,26.0,-64.51,-55.66,belle,2019-12-13,AntarcticIcebergs_20191213.csv,1.582869052886963,2.6957130432128906,270.40338134765625,100160.2890625,0.002482422161847353
A64,11.0,8.0,-67.23,-60.28,belle,2021-11-19,AntarcticIcebergs_20211119.csv,0.35982537269592285,2.069474220275879,267.9627990722656,98112.3671875,0.002107018604874611
B38,6.0,4.0,-76.99,-155.08,rosse,2022-05-20,AntarcticIcebergs_20220520.csv,-2.2491352558135986,-1.7267018556594849,246.45687866210938,96238.5390625,0.0003401906287763268
A69B,10.0,5.0,-66.12,-58.61,belle,2022-03-04,AntarcticIcebergs_20220304.csv,-3.3522939682006836,-4.124325275421143,269.219482421875,100916.421875,0.0022754401434212923
D28,29.0,19.0,-73.58,-24.79,weddw,2021-12-31,AntarcticIcebergs_20211231.csv,1.8352890014648438,2.866525173187256,270.71600341796875,98867.96875,0.002813162514939904
A78,18.0,4.0,-70.1,-4.85,weddw,2021-11-19,AntarcticIcebergs_20211119.csv,0.8549425601959229,-3.105330467224121,270.1437072753906,97560.3671875,0.002813691273331642
A68H,11.0,4.0,-53.55,-36.29,belle,2021-02-26,AntarcticIcebergs_20210226.csv,11.553364753723145,-7.376704216003418,276.9076232910156,97195.8671875,0.004568710923194885
D22,11.0,2.0,-67.11,67.44,amere,2019-11-29,AntarcticIcebergs_20191129.csv,-14.693594932556152,12.270893096923828,270.21807861328125,96658.90625,0.0027444709558039904
B38,6.0,4.0,-77.0,-155.02,rosse,2020-11-27,AntarcticIcebergs_20201127.csv,-5.512105464935303,2.640928268432617,266.7095947265625,95106.703125,0.0018312199972569942
B38,6.0,4.0,-77.0,-155.11,rosse,2022-04-08,AntarcticIcebergs_20220408.csv,-4.35884428024292,2.1937332153320312,264.8038024902344,96231.6875,0.0015680160140618682
B09B,24.0,8.0,-66.27,143.4,wilke,2021-10-29,AntarcticIcebergs_20211029.csv,-0.6331818103790283,6.250392913818359,257.434326171875,97551.5,0.0007138799410313368
B29,11.0,5.0,-74.1,-109.89,amune,2022-06-10,AntarcticIcebergs_20220610-1.csv,-3.785274028778076,1.50468909740448,254.75015258789062,96974.5625,0.0008114942465908825
A63,11.0,3.0,-66.89,-57.07,belle,2021-06-04,AntarcticIcebergs_20210604.csv,5.495045185089111,-7.410123348236084,253.30593872070312,99040.40625,0.0006408107001334429
A76C,16.0,7.0,-69.77,-59.23,belle,2022-02-25,AntarcticIcebergs_20220225.csv,-2.9236042499542236,3.0604465007781982,265.1544494628906,98802.7578125,0.0018578803865239024
B09B,24.0,8.0,-66.28,143.43,wilke,2021-03-12,AntarcticIcebergs_20210312.csv,-10.45203685760498,11.06494140625,268.03082275390625,98690.890625,0.001959471497684717
A63,11.0,3.0,-70.79,-55.9,belle,2021-03-05,AntarcticIcebergs_20210305.csv,0.43662574887275696,0.9598581790924072,269.22088623046875,97752.2109375,0.0027539795264601707
D27,8.0,5.0,-66.04,50.31,amerw,2021-07-02,AntarcticIcebergs_20210702.csv,-26.2723445892334,-7.674286365509033,254.400634765625,96769.0625,0.0006699113291688263
D28,29.0,19.0,-69.89,4.34,wedde,2021-08-13,AntarcticIcebergs_20210813.csv,-32.454559326171875,-1.3761439323425293,259.3897399902344,95683.578125,0.0010670932242646813
D27,8.0,5.0,-67.89,40.96,amerw,2021-10-01,AntarcticIcebergs_20211001.csv,-5.043138027191162,-1.801231861114502,256.93194580078125,98689.140625,0.0006537471199408174
B42,12.0,4.0,-71.72,-149.28,amunw,2021-12-31,AntarcticIcebergs_20211231.csv,10.972007751464844,-1.7223421335220337,271.09197998046875,97883.96875,0.002793135354295373
B45,7.0,6.0,-74.52,-109.59,amune,2022-04-15,AntarcticIcebergs_20220415.csv,-1.621299147605896,8.580527305603027,244.1043701171875,98424.1875,0.00030058276024647057
C33,8.0,4.0,-66.38,144.37,wilke,2019-08-16,AntarcticIcebergs_20190816.csv,-2.8273308277130127,5.463130950927734,249.43231201171875,99643.2578125,0.0004731247026938945
D30B,10.0,5.0,-73.68,-34.4,belle,2022-05-06,AntarcticIcebergs_20220506.csv,6.100543022155762,0.9388219118118286,241.9296875,98992.4453125,0.00021358068624977022
C15,12.0,8.0,-65.97,143.27,wilke,2021-05-07,AntarcticIcebergs_20210507.csv,-5.989829063415527,6.2353291511535645,248.7870635986328,99394.28125,0.00044984338455833495
B46,10.0,4.0,-74.4,-105.47,amune,2019-11-15,AntarcticIcebergs_20191115.csv,-2.971353054046631,3.5099165439605713,261.0373229980469,98428.203125,0.0010789205553010106
D28,29.0,19.0,-72.43,-18.73,weddw,2021-11-12,AntarcticIcebergs_20211112.csv,2.2851951122283936,2.3006019592285156,265.20257568359375,99115.3046875,0.00180835893843323
C38B,5.0,7.0,-64.94,101.84,wilkw,2022-08-12,AntarcticIcebergs_20220812.csv,-0.3661256730556488,2.8517868518829346,247.55239868164062,99479.671875,0.00027945064357481897
C29,5.0,5.0,-66.08,142.84,wilke,2021-05-07,AntarcticIcebergs_20210507.csv,-5.989829063415527,6.2353291511535645,248.7870635986328,99394.28125,0.00044984338455833495
B15AA,11.0,6.0,-57.46,-32.13,belle,2019-12-27,AntarcticIcebergs_20191227.csv,10.802497863769531,-9.717500686645508,276.1263122558594,100324.3828125,0.004252234008163214
D21B,9.0,4.0,-59.72,-29.47,weddw,2021-03-19,AntarcticIcebergs_20210319.csv,7.664092063903809,-8.629897117614746,273.5574035644531,95786.0703125,0.004004349932074547
B42,12.0,4.0,-69.24,-151.51,rosse,2022-04-22,AntarcticIcebergs_20220422.csv,6.505195140838623,2.2293059825897217,270.48223876953125,97783.8203125,0.0027831238694489002
C35,7.0,5.0,-67.31,147.79,wilke,2022-06-24,AntarcticIcebergs_20220624.csv,-10.074180603027344,6.171675682067871,256.232177734375,97614.2265625,0.0008500813273712993
A78,18.0,4.0,-72.43,-40.73,belle,2022-07-01,AntarcticIcebergs_20220701.csv,-7.977884769439697,5.100090980529785,246.89959716796875,99711.359375,0.0003406794567126781
A69A,10.0,9.0,-64.82,-57.71,belle,2022-07-01,AntarcticIcebergs_20220701.csv,3.6646931171417236,8.478997230529785,255.20989990234375,99767.359375,0.0007682832074351609
A70,8.0,5.0,-66.28,-59.21,belle,2022-03-11,AntarcticIcebergs_20220311.csv,4.161707401275635,-3.9219844341278076,273.29339599609375,100162.9765625,0.00320435781031847
A76B,20.0,7.0,-72.12,-58.81,belle,2022-03-25,AntarcticIcebergs_20220325.csv,-0.5756140351295471,8.23387622833252,260.6926574707031,98164.3046875,0.0013115942711010575
A76B,20.0,7.0,-73.93,-59.94,belle,2021-11-12,AntarcticIcebergs_20211112.csv,1.4795310497283936,1.4968911409378052,271.27239990234375,95971.3046875,0.0032946604769676924
B16,16.0,6.0,-57.56,-33.99,belle,2019-10-04,AntarcticIcebergs_20191004.csv,8.481416702270508,8.72545337677002,268.97174072265625,98050.9609375,0.0022305564489215612
D28,29.0,19.0,-66.29,48.28,amerw,2021-02-26,AntarcticIcebergs_20210226.csv,-4.485697269439697,5.765873908996582,267.4613342285156,98515.8671875,0.002265587216243148
B47,12.0,5.0,-73.86,-134.06,amunw,2021-10-08,AntarcticIcebergs_20211008.csv,-0.755269467830658,0.3366868495941162,261.9915771484375,98182.59375,0.0008948221220634878
B09G,11.0,7.0,-68.2,41.81,amerw,2021-05-14,AntarcticIcebergs_20210514.csv,-7.33087158203125,-0.2809602916240692,258.37579345703125,98032.609375,0.0007860417244955897
A75,8.0,3.0,-73.96,-60.38,belle,2021-04-02,AntarcticIcebergs_20210402.csv,-1.3124477863311768,-0.7261221408843994,250.63479614257812,97003.546875,0.0005116747342981398
A69B,10.0,7.0,-67.35,-61.04,belle,2021-03-26,AntarcticIcebergs_20210326.csv,-4.664606094360352,-0.3080679476261139,263.40252685546875,100127.6484375,0.001657972694374621
B42,12.0,4.0,-68.35,-150.8,rosse,2022-05-20,AntarcticIcebergs_20220520.csv,6.9552106857299805,5.184431076049805,255.25863647460938,98462.5390625,0.0007145077688619494
B09B,24.0,8.0,-66.22,143.46,wilke,2022-01-21,AntarcticIcebergs_20220121.csv,-4.499445915222168,6.063754081726074,271.2633056640625,97788.5546875,0.0028843649197369814
A69B,10.0,7.0,-67.31,-61.03,belle,2021-03-19,AntarcticIcebergs_20210319.csv,0.9717094898223877,-0.8442525267601013,258.6335754394531,96226.0703125,0.0011070874752476811
A68D,7.0,2.0,-55.24,-34.93,belle,2021-01-29,AntarcticIcebergs_20210129.csv,0.4048597812652588,-4.845325469970703,276.25567626953125,100316.8046875,0.004593324847519398
A68B,7.0,3.0,-64.63,-58.8,belle,2019-10-04,AntarcticIcebergs_20191004.csv,2.242158889770508,1.4464011192321777,257.59637451171875,96538.9609375,0.0009845809545367956
D28,29.0,19.0,-73.18,-42.77,belle,2022-07-22,AntarcticIcebergs_20220722.csv,-7.644001007080078,0.9762741327285767,265.45477294921875,98065.984375,0.0020333549473434687
A68M,26.0,6.0,-56.77,-35.13,belle,2021-02-05,AntarcticIcebergs_20210205.csv,9.913980484008789,6.512111186981201,274.617919921875,98381.1640625,0.003549717366695404
A63,7.0,3.0,-63.59,-51.64,belle,2021-10-29,AntarcticIcebergs_20211029.csv,11.99963092803955,-5.474216461181641,272.873779296875,98591.5,0.003673369763419032
D28,29.0,19.0,-68.41,71.9,amere,2019-10-04,AntarcticIcebergs_20191004.csv,5.256807327270508,11.25670337677002,250.91900634765625,98266.9609375,0.0006023959722369909
A70,8.0,5.0,-66.33,-59.68,belle,2022-02-25,AntarcticIcebergs_20220225.csv,3.2551066875457764,6.015524864196777,270.9750061035156,98490.7578125,0.0029288565274327993
A68B,7.0,3.0,-64.65,-58.73,belle,2019-11-01,AntarcticIcebergs_20191101.csv,0.7053071856498718,-8.143242835998535,274.0625,97430.78125,0.003475322388112545
A68G,29.0,10.0,-56.58,-35.71,belle,2021-01-29,AntarcticIcebergs_20210129.csv,2.551832437515259,-5.521106719970703,275.40802001953125,100196.8046875,0.004341554827988148
D20A,19.0,9.0,-68.42,36.2,amerw,2021-05-14,AntarcticIcebergs_20210514.csv,-3.799621820449829,-0.6552278995513916,259.11407470703125,97920.609375,0.001128649222664535
D21B,10.0,4.0,-61.72,-34.67,belle,2020-12-25,AntarcticIcebergs_20201225.csv,-0.3846147060394287,-11.883856773376465,272.8292236328125,97978.7734375,0.0036673310678452253
B46,10.0,4.0,-74.36,-104.94,amune,2019-10-04,AntarcticIcebergs_20191004.csv,0.8654500246047974,1.5618796348571777,249.60845947265625,99194.9609375,0.0003687457647174597
B39,8.0,4.0,-66.78,80.03,amere,2019-12-27,AntarcticIcebergs_20191227.csv,-2.9250407218933105,0.5437299013137817,271.7200622558594,99316.3828125,0.003309049876406789
C36,22.0,15.0,-67.94,147.48,wilke,2021-03-05,AntarcticIcebergs_20210305.csv,-1.095188856124878,13.239154815673828,251.76580810546875,98864.2109375,0.000494486594107002
B38,6.0,4.0,-76.94,-155.0,rosse,2021-03-26,AntarcticIcebergs_20210326.csv,-8.012262344360352,2.886023759841919,265.23748779296875,95999.6484375,0.001788149238564074
A76B,20.0,7.0,-73.91,-59.91,belle,2021-08-13,AntarcticIcebergs_20210813.csv,0.1684889793395996,5.802567005157471,250.89755249023438,97547.578125,0.0005831035086885095
D29C,13.0,6.0,-70.68,-11.65,weddw,2021-10-08,AntarcticIcebergs_20211008.csv,4.340494632720947,5.152605056762695,254.0618896484375,99806.59375,0.0007100477232597768
B37,8.0,3.0,-72.73,-110.99,amune,2019-12-27,AntarcticIcebergs_20191227.csv,-5.5295329093933105,-1.4311236143112183,272.4681091308594,98188.3828125,0.003194608958438039
B43,10.0,5.0,-75.24,-168.86,rosse,2019-09-06,AntarcticIcebergs_20190906.csv,-4.107784271240234,-3.596463203430176,253.20947265625,97692.3828125,0.0006404099985957146
A76A,73.0,14.0,-67.31,-55.61,belle,2022-04-29,AntarcticIcebergs_20220429.csv,-0.757548451423645,6.1809983253479,249.34429931640625,100517.0078125,0.00048035418149083853
C15,12.0,8.0,-65.96,143.26,wilke,2022-02-11,AntarcticIcebergs_20220211.csv,4.184789657592773,2.4438703060150146,273.37274169921875,100069.828125,0.0034520095214247704
B47,12.0,5.0,-73.86,-134.01,amunw,2021-12-10,AntarcticIcebergs_20211210.csv,-4.745418548583984,-7.712608814239502,270.8490295410156,94428.953125,0.002940588630735874
A23A,40.0,34.0,-75.7,-39.75,belle,2021-04-02,AntarcticIcebergs_20210402.csv,4.406302452087402,6.24946403503418,250.34378051757812,98131.546875,0.0005429075681604445
A76B,20.0,7.0,-73.81,-59.81,belle,2021-10-29,AntarcticIcebergs_20211029.csv,2.2799041271209717,5.032619476318359,254.983154296875,97367.5,0.0006702493410557508
A70,8.0,5.0,-69.75,-60.38,belle,2021-04-30,AntarcticIcebergs_20210430.csv,-0.21022087335586548,8.898176193237305,247.4174041748047,98787.953125,0.00031814316753298044
D27,8.0,5.0,-66.27,49.47,amerw,2021-07-16,AntarcticIcebergs_20210716.csv,-14.104801177978516,-6.049664497375488,261.9283447265625,98519.640625,0.0013099907664582133
A76B,20.0,7.0,-68.28,-59.89,belle,2022-08-12,AntarcticIcebergs_20220812.csv,-3.9942994117736816,-0.6731154918670654,259.0968017578125,98567.671875,0.0011949780164286494
A73,9.0,5.0,-69.64,-60.36,belle,2021-02-05,AntarcticIcebergs_20210205.csv,-0.3448086977005005,-2.2769510746002197,269.087646484375,98701.1640625,0.002560757100582123
A77,27.0,4.0,-74.71,-27.11,weddw,2022-01-28,AntarcticIcebergs_20220128.csv,5.709111213684082,3.3615200519561768,270.8562316894531,99064.765625,0.002896803431212902
D29A,15.0,9.0,-72.26,-35.86,belle,2022-04-15,AntarcticIcebergs_20220415.csv,-11.095908164978027,3.849081516265869,260.0594482421875,96544.1875,0.0012496078852564096
B09I,12.0,6.0,-64.74,60.97,amere,2019-08-16,AntarcticIcebergs_20190816.csv,-3.7609245777130127,-1.0454139709472656,256.90887451171875,99643.2578125,0.0008424350526183844
C38A,10.0,8.0,-65.22,101.37,wilkw,2022-08-05,AntarcticIcebergs_20220805.csv,-24.42051124572754,3.030733108520508,261.2552795410156,98325.6484375,0.0012856260873377323
A69B,10.0,7.0,-66.97,-59.84,belle,2021-10-08,AntarcticIcebergs_20211008.csv,-1.6695151329040527,-4.442121505737305,264.3919677734375,98678.59375,0.0017984285950660706
A68O,3.0,2.0,-55.92,-35.16,belle,2021-02-19,AntarcticIcebergs_20210219.csv,1.8356130123138428,-2.257484197616577,276.6078796386719,101430.6796875,0.004729636013507843
A69A,10.0,9.0,-67.26,-60.54,belle,2021-08-27,AntarcticIcebergs_20210827.csv,-5.534881114959717,-0.2616361379623413,254.20077514648438,100235.71875,0.0006926959613338113
A78,18.0,4.0,-70.19,-7.81,weddw,2021-12-10,AntarcticIcebergs_20211210.csv,1.1491129398345947,1.786414623260498,268.7271728515625,97652.953125,0.0024265581741929054
A76C,16.0,7.0,-73.9,-57.26,belle,2021-07-30,AntarcticIcebergs_20210730.csv,1.2648051977157593,2.869957685470581,253.40530395507812,98861.8671875,0.0006264926632866263
B28,9.0,6.0,-74.36,-109.41,amune,2022-05-06,AntarcticIcebergs_20220506.csv,-7.174847602844238,7.401468276977539,249.005859375,97840.4453125,0.0004079514474142343
B46,10.0,4.0,-72.64,-110.41,amune,2021-01-29,AntarcticIcebergs_20210129.csv,-6.31144905090332,-4.135364532470703,272.69122314453125,98292.8046875,0.0036472799256443977
A76C,16.0,7.0,-67.39,-59.08,belle,2022-07-22,AntarcticIcebergs_20220722.csv,-0.6357001066207886,11.724077224731445,256.00946044921875,98489.984375,0.0008202811586670578
B42,12.0,4.0,-71.91,-150.35,rosse,2021-12-03,AntarcticIcebergs_20211203.csv,5.265175819396973,3.8291919231414795,269.2276916503906,98172.40625,0.0022257512900978327
B15AA,11.0,6.0,-57.96,-36.45,belle,2019-11-01,AntarcticIcebergs_20191101.csv,0.9262544512748718,-2.832695722579956,272.24609375,100894.78125,0.003444804809987545
D30B,10.0,5.0,-69.57,17.84,wedde,2021-06-18,AntarcticIcebergs_20210618.csv,-1.4121263027191162,10.426156997680664,255.26620483398438,96737.703125,0.000680572644341737
B09I,12.0,6.0,-64.7,56.55,amerw,2019-09-27,AntarcticIcebergs_20190927.csv,7.535215377807617,3.6061060428619385,258.2344055175781,97901.9609375,0.001076007611118257
B09B,24.0,8.0,-66.2,143.42,wilke,2022-06-17,AntarcticIcebergs_20220617.csv,-7.677555084228516,8.539849281311035,252.23626708984375,100370.984375,0.0005649651866406202
C33,8.0,4.0,-65.46,126.78,wilke,2021-02-19,AntarcticIcebergs_20210219.csv,4.723796844482422,0.5733264088630676,269.1440124511719,99534.6796875,0.002543814480304718
A69A,10.0,9.0,-66.42,-59.33,belle,2022-03-11,AntarcticIcebergs_20220311.csv,4.161707401275635,-3.9219844341278076,273.29339599609375,100162.9765625,0.00320435781031847
A23A,40.0,34.0,-75.71,-39.64,belle,2021-04-16,AntarcticIcebergs_20210416.csv,1.6492022275924683,6.434782981872559,252.03231811523438,98911.3203125,0.0006167810643091798
B42,8.0,3.0,-66.04,-147.58,amunw,2022-07-15,AntarcticIcebergs_20220715.csv,9.609878540039062,5.891994476318359,252.79193115234375,98982.1328125,0.0005374928587116301
A64,12.0,8.0,-68.35,-60.83,belle,2021-04-02,AntarcticIcebergs_20210402.csv,-4.978463172912598,1.2411630153656006,260.7012023925781,98715.546875,0.0013337420532479882
A71,8.0,3.0,-69.89,-60.71,belle,2021-04-30,AntarcticIcebergs_20210430.csv,-0.21022087335586548,8.898176193237305,247.4174041748047,98787.953125,0.00031814316753298044
A77,27.0,4.0,-74.16,-27.27,weddw,2021-11-05,AntarcticIcebergs_20211105.csv,-7.603561878204346,-1.481658935546875,262.8470764160156,98729.515625,0.0013921004720032215
B42,8.0,3.0,-66.39,-147.9,rosse,2022-07-08,AntarcticIcebergs_20220708.csv,-2.4362847805023193,-5.088558197021484,269.42352294921875,96301.390625,0.002872296143323183
B38,6.0,4.0,-76.99,-155.0,rosse,2022-01-07,AntarcticIcebergs_20220107.csv,-4.7753143310546875,-1.2929840087890625,268.9525146484375,98268.5546875,0.002297312021255493
D28,29.0,19.0,-68.32,70.99,amere,2019-10-18,AntarcticIcebergs_20191018.csv,-3.565333366394043,8.567130088806152,263.77252197265625,99392.4453125,0.00170888879802078
A74,30.0,18.0,-75.22,-25.78,belle,2021-03-05,AntarcticIcebergs_20210305.csv,-6.569797992706299,-0.15049338340759277,267.18377685546875,98288.2109375,0.002289540134370327
B09B,24.0,8.0,-66.21,143.43,wilke,2022-03-11,AntarcticIcebergs_20220311.csv,-12.922277450561523,14.243054389953613,264.63421630859375,97690.9765625,0.0018348816083744168
A69C,10.0,3.0,-66.74,-59.02,belle,2021-12-17,AntarcticIcebergs_20211217.csv,5.214242935180664,6.913477897644043,273.25396728515625,98280.078125,0.00347911543212831
D29A,15.0,9.0,-69.85,-42.41,belle,2022-08-12,AntarcticIcebergs_20220812.csv,6.624841213226318,2.9040329456329346,253.42349243164062,98487.671875,0.0006561520276591182
B38,6.0,4.0,-77.01,-155.04,rosse,2022-01-21,AntarcticIcebergs_20220121.csv,-5.591242790222168,-1.8415194749832153,270.4718017578125,96340.5546875,0.0029349096585065126
A69C,10.0,3.0,-65.23,-57.65,belle,2022-06-10,AntarcticIcebergs_20220610-1.csv,3.714725971221924,-1.16181480884552,264.2984924316406,100670.5625,0.0016497739125043154
B37,8.0,3.0,-72.23,-113.6,amune,2021-07-09,AntarcticIcebergs_20210709.csv,1.6881948709487915,-3.747042179107666,263.8426513671875,96045.28125,0.0018236973555758595
C18B,19.0,4.0,-66.54,89.37,amere,2022-07-29,AntarcticIcebergs_20220729.csv,-16.814973831176758,1.0744130611419678,266.7764892578125,97546.6875,0.0015503838658332825
A76B,20.0,7.0,-69.07,-59.98,belle,2022-06-24,AntarcticIcebergs_20220624.csv,0.7026751041412354,-3.373246431350708,253.682373046875,100046.2265625,0.000648617628030479
C36,22.0,15.0,-67.94,147.49,wilke,2021-02-12,AntarcticIcebergs_20210212.csv,-3.2262654304504395,8.840935707092285,258.4921875,97415.3828125,0.0009142874041572213
B09G,11.0,7.0,-68.19,41.82,amerw,2021-12-03,AntarcticIcebergs_20211203.csv,-16.299278259277344,-1.2489330768585205,265.7867126464844,97548.40625,0.001506204018369317
B47,12.0,5.0,-73.86,-133.99,amunw,2022-01-07,AntarcticIcebergs_20220107.csv,-3.4686739444732666,-3.5688629150390625,270.3836669921875,100028.5546875,0.0027226507663726807
C29,5.0,5.0,-66.06,142.78,wilke,2022-08-12,AntarcticIcebergs_20220812.csv,-1.9576784372329712,2.3903610706329346,244.10317993164062,99639.671875,0.0002943518047686666
B46,10.0,4.0,-71.53,-131.87,amune,2022-04-01,AntarcticIcebergs_20220401.csv,-5.812972068786621,-1.7170225381851196,267.3697509765625,96860.9375,0.0020875129848718643
B39,8.0,4.0,-65.54,88.74,amere,2019-08-23,AntarcticIcebergs_20190823.csv,-21.794979095458984,-1.424789547920227,260.4975891113281,96866.234375,0.0012071551755070686
A76A,73.0,14.0,-74.88,-58.82,belle,2021-07-02,AntarcticIcebergs_20210702.csv,3.6612486839294434,4.509307384490967,253.894775390625,97865.0625,0.0007423905772157013
D27,8.0,5.0,-67.23,44.22,amerw,2021-09-03,AntarcticIcebergs_20210903.csv,4.727570056915283,3.1828083992004395,253.0836181640625,98146.765625,0.000644350191578269
A68A,82.0,26.0,-65.02,-57.64,belle,2019-09-20,AntarcticIcebergs_20190920.csv,-3.1491711139678955,-5.160709857940674,268.6051940917969,97699.2734375,0.002571988385170698
D29A,15.0,9.0,-70.86,-37.54,belle,2022-05-20,AntarcticIcebergs_20220520.csv,7.0880231857299805,13.335798263549805,255.41781616210938,98918.5390625,0.0007254750235006213
A23A,40.0,34.0,-75.17,-37.23,belle,2022-03-25,AntarcticIcebergs_20220325.csv,4.432076454162598,-0.3022874593734741,256.8701171875,99340.3046875,0.0008898318628780544
B29,11.0,5.0,-74.05,-110.09,amune,2022-07-29,AntarcticIcebergs_20220729.csv,-12.213410377502441,8.932872772216797,251.7686767578125,95770.6875,0.0006262734532356262
C29,5.0,5.0,-66.19,143.12,wilke,2021-02-26,AntarcticIcebergs_20210226.csv,-12.895853996276855,12.019780158996582,265.5335998535156,97811.8671875,0.001949444180354476
A23A,40.0,34.0,-75.49,-40.68,belle,2021-09-24,AntarcticIcebergs_20210924.csv,0.034618079662323,3.052288055419922,247.59619140625,98722.1171875,0.0004035086021758616
A69B,10.0,5.0,-64.37,-56.16,belle,2022-05-06,AntarcticIcebergs_20220506.csv,1.3217345476150513,-6.153219223022461,271.20703125,97256.4453125,0.003254073206335306
B39,8.0,4.0,-64.99,53.67,amerw,2021-01-08,AntarcticIcebergs_20210108.csv,-3.882934808731079,-1.555803656578064,270.203369140625,98539.3984375,0.002893202705308795
C38B,8.0,7.0,-65.0,101.68,wilkw,2022-04-29,AntarcticIcebergs_20220429.csv,-6.5947065353393555,3.3392014503479004,260.44000244140625,97893.0078125,0.0012438896810635924
